task_id,entry_point,input,answer,test
HumanEval/61,correct_bracketing,"

def correct_bracketing(brackets: str):
    """""" brackets is a string of ""("" and "")"".
    return True if every opening bracket has a corresponding closing bracket.

    >>> correct_bracketing(""("")
    False
    >>> correct_bracketing(""()"")
    True
    >>> correct_bracketing(""(()())"")
    True
    >>> correct_bracketing("")(()"")
    False
    """"""
","    depth = 0
    for b in brackets:
        if b == ""("":
            depth += 1
        else:
            depth -= 1
        if depth < 0:
            return False
    return depth == 0
","

METADATA = {}


def check(candidate):
    assert candidate(""()"")
    assert candidate(""(()())"")
    assert candidate(""()()(()())()"")
    assert candidate(""()()((()()())())(()()(()))"")
    assert not candidate(""((()())))"")
    assert not candidate("")(()"")
    assert not candidate(""("")
    assert not candidate(""(((("")
    assert not candidate("")"")
    assert not candidate(""(()"")
    assert not candidate(""()()(()())())(()"")
    assert not candidate(""()()(()())()))()"")

"
HumanEval/104,unique_digits,"
def unique_digits(x):
    """"""Given a list of positive integers x. return a sorted list of all 
    elements that hasn't any even digit.

    Note: Returned list should be sorted in increasing order.
    
    For example:
    >>> unique_digits([15, 33, 1422, 1])
    [1, 15, 33]
    >>> unique_digits([152, 323, 1422, 10])
    []
    """"""
","    odd_digit_elements = []
    for i in x:
        if all (int(c) % 2 == 1 for c in str(i)):
            odd_digit_elements.append(i)
    return sorted(odd_digit_elements)
","def check(candidate):

    # Check some simple cases
    assert candidate([15, 33, 1422, 1]) == [1, 15, 33]
    assert candidate([152, 323, 1422, 10]) == []
    assert candidate([12345, 2033, 111, 151]) == [111, 151]
    assert candidate([135, 103, 31]) == [31, 135]

    # Check some edge cases that are easy to work out by hand.
    assert True

"
HumanEval/105,by_length,"
def by_length(arr):
    """"""
    Given an array of integers, sort the integers that are between 1 and 9 inclusive,
    reverse the resulting array, and then replace each digit by its corresponding name from
    ""One"", ""Two"", ""Three"", ""Four"", ""Five"", ""Six"", ""Seven"", ""Eight"", ""Nine"".

    For example:
      arr = [2, 1, 1, 4, 5, 8, 2, 3]   
            -> sort arr -> [1, 1, 2, 2, 3, 4, 5, 8] 
            -> reverse arr -> [8, 5, 4, 3, 2, 2, 1, 1]
      return [""Eight"", ""Five"", ""Four"", ""Three"", ""Two"", ""Two"", ""One"", ""One""]
    
      If the array is empty, return an empty array:
      arr = []
      return []
    
      If the array has any strange number ignore it:
      arr = [1, -1 , 55] 
            -> sort arr -> [-1, 1, 55]
            -> reverse arr -> [55, 1, -1]
      return = ['One']
    """"""
","    dic = {
        1: ""One"",
        2: ""Two"",
        3: ""Three"",
        4: ""Four"",
        5: ""Five"",
        6: ""Six"",
        7: ""Seven"",
        8: ""Eight"",
        9: ""Nine"",
    }
    sorted_arr = sorted(arr, reverse=True)
    new_arr = []
    for var in sorted_arr:
        try:
            new_arr.append(dic[var])
        except:
            pass
    return new_arr
","def check(candidate):

    # Check some simple cases
    assert True, ""This prints if this assert fails 1 (good for debugging!)""
    assert candidate([2, 1, 1, 4, 5, 8, 2, 3]) == [""Eight"", ""Five"", ""Four"", ""Three"", ""Two"", ""Two"", ""One"", ""One""], ""Error""
    assert candidate([]) == [], ""Error""
    assert candidate([1, -1 , 55]) == ['One'], ""Error""

    # Check some edge cases that are easy to work out by hand.
    assert True, ""This prints if this assert fails 2 (also good for debugging!)""
    assert candidate([1, -1, 3, 2]) == [""Three"", ""Two"", ""One""]
    assert candidate([9, 4, 8]) == [""Nine"", ""Eight"", ""Four""]

"
HumanEval/42,incr_list,"

def incr_list(l: list):
    """"""Return list with elements incremented by 1.
    >>> incr_list([1, 2, 3])
    [2, 3, 4]
    >>> incr_list([5, 3, 5, 2, 3, 3, 9, 0, 123])
    [6, 4, 6, 3, 4, 4, 10, 1, 124]
    """"""
","    return [(e + 1) for e in l]
","

METADATA = {}


def check(candidate):
    assert candidate([]) == []
    assert candidate([3, 2, 1]) == [4, 3, 2]
    assert candidate([5, 2, 5, 2, 3, 3, 9, 0, 123]) == [6, 3, 6, 3, 4, 4, 10, 1, 124]

"
HumanEval/145,order_by_points,"
def order_by_points(nums):
    """"""
    Write a function which sorts the given list of integers
    in ascending order according to the sum of their digits.
    Note: if there are several items with similar sum of their digits,
    order them based on their index in original list.

    For example:
    >>> order_by_points([1, 11, -1, -11, -12]) == [-1, -11, 1, -12, 11]
    >>> order_by_points([]) == []
    """"""
","    def digits_sum(n):
        neg = 1
        if n < 0: n, neg = -1 * n, -1 
        n = [int(i) for i in str(n)]
        n[0] = n[0] * neg
        return sum(n)
    return sorted(nums, key=digits_sum)
","def check(candidate):

    # Check some simple cases
    assert candidate([1, 11, -1, -11, -12]) == [-1, -11, 1, -12, 11]
    assert candidate([1234,423,463,145,2,423,423,53,6,37,3457,3,56,0,46]) == [0, 2, 3, 6, 53, 423, 423, 423, 1234, 145, 37, 46, 56, 463, 3457]
    assert candidate([]) == []
    assert candidate([1, -11, -32, 43, 54, -98, 2, -3]) == [-3, -32, -98, -11, 1, 2, 43, 54]
    assert candidate([1,2,3,4,5,6,7,8,9,10,11]) == [1, 10, 2, 11, 3, 4, 5, 6, 7, 8, 9]
    assert candidate([0,6,6,-76,-21,23,4]) == [-76, -21, 0, 4, 23, 6, 6]

    # Check some edge cases that are easy to work out by hand.
    assert True, ""This prints if this assert fails 2 (also good for debugging!)""

"
HumanEval/130,tri,"
def tri(n):
    """"""Everyone knows Fibonacci sequence, it was studied deeply by mathematicians in 
    the last couple centuries. However, what people don't know is Tribonacci sequence.
    Tribonacci sequence is defined by the recurrence:
    tri(1) = 3
    tri(n) = 1 + n / 2, if n is even.
    tri(n) =  tri(n - 1) + tri(n - 2) + tri(n + 1), if n is odd.
    For example:
    tri(2) = 1 + (2 / 2) = 2
    tri(4) = 3
    tri(3) = tri(2) + tri(1) + tri(4)
           = 2 + 3 + 3 = 8 
    You are given a non-negative integer number n, you have to a return a list of the 
    first n + 1 numbers of the Tribonacci sequence.
    Examples:
    tri(3) = [1, 3, 2, 8]
    """"""
","    if n == 0:
        return [1]
    my_tri = [1, 3]
    for i in range(2, n + 1):
        if i % 2 == 0:
            my_tri.append(i / 2 + 1)
        else:
            my_tri.append(my_tri[i - 1] + my_tri[i - 2] + (i + 3) / 2)
    return my_tri
","def check(candidate):

    # Check some simple cases
    
    assert candidate(3) == [1, 3, 2.0, 8.0]
    assert candidate(4) == [1, 3, 2.0, 8.0, 3.0]
    assert candidate(5) == [1, 3, 2.0, 8.0, 3.0, 15.0]
    assert candidate(6) == [1, 3, 2.0, 8.0, 3.0, 15.0, 4.0]
    assert candidate(7) == [1, 3, 2.0, 8.0, 3.0, 15.0, 4.0, 24.0]
    assert candidate(8) == [1, 3, 2.0, 8.0, 3.0, 15.0, 4.0, 24.0, 5.0]
    assert candidate(9) == [1, 3, 2.0, 8.0, 3.0, 15.0, 4.0, 24.0, 5.0, 35.0]
    assert candidate(20) == [1, 3, 2.0, 8.0, 3.0, 15.0, 4.0, 24.0, 5.0, 35.0, 6.0, 48.0, 7.0, 63.0, 8.0, 80.0, 9.0, 99.0, 10.0, 120.0, 11.0]

    # Check some edge cases that are easy to work out by hand.
    assert candidate(0) == [1]
    assert candidate(1) == [1, 3]
"
HumanEval/88,sort_array,"
def sort_array(array):
    """"""
    Given an array of non-negative integers, return a copy of the given array after sorting,
    you will sort the given array in ascending order if the sum( first index value, last index value) is odd,
    or sort it in descending order if the sum( first index value, last index value) is even.

    Note:
    * don't change the given array.

    Examples:
    * sort_array([]) => []
    * sort_array([5]) => [5]
    * sort_array([2, 4, 3, 0, 1, 5]) => [0, 1, 2, 3, 4, 5]
    * sort_array([2, 4, 3, 0, 1, 5, 6]) => [6, 5, 4, 3, 2, 1, 0]
    """"""
","    return [] if len(array) == 0 else sorted(array, reverse= (array[0]+array[-1]) % 2 == 0) 
","def check(candidate):

    # Check some simple cases
    assert True, ""This prints if this assert fails 1 (good for debugging!)""
    assert candidate([]) == [], ""Error""
    assert candidate([5]) == [5], ""Error""
    assert candidate([2, 4, 3, 0, 1, 5]) == [0, 1, 2, 3, 4, 5], ""Error""
    assert candidate([2, 4, 3, 0, 1, 5, 6]) == [6, 5, 4, 3, 2, 1, 0], ""Error""

    # Check some edge cases that are easy to work out by hand.
    assert True, ""This prints if this assert fails 2 (also good for debugging!)""
    assert candidate([2, 1]) == [1, 2], ""Error""
    assert candidate([15, 42, 87, 32 ,11, 0]) == [0, 11, 15, 32, 42, 87], ""Error""
    assert candidate([21, 14, 23, 11]) == [23, 21, 14, 11], ""Error""

"
HumanEval/11,string_xor,"from typing import List


def string_xor(a: str, b: str) -> str:
    """""" Input are two strings a and b consisting only of 1s and 0s.
    Perform binary XOR on these inputs and return result also as a string.
    >>> string_xor('010', '110')
    '100'
    """"""
","    def xor(i, j):
        if i == j:
            return '0'
        else:
            return '1'

    return ''.join(xor(x, y) for x, y in zip(a, b))
","

METADATA = {
    'author': 'jt',
    'dataset': 'test'
}


def check(candidate):
    assert candidate('111000', '101010') == '010010'
    assert candidate('1', '1') == '0'
    assert candidate('0101', '0000') == '0101'
"
HumanEval/137,compare_one,"
def compare_one(a, b):
    """"""
    Create a function that takes integers, floats, or strings representing
    real numbers, and returns the larger variable in its given variable type.
    Return None if the values are equal.
    Note: If a real number is represented as a string, the floating point might be . or ,

    compare_one(1, 2.5) ➞ 2.5
    compare_one(1, ""2,3"") ➞ ""2,3""
    compare_one(""5,1"", ""6"") ➞ ""6""
    compare_one(""1"", 1) ➞ None
    """"""
","    temp_a, temp_b = a, b
    if isinstance(temp_a, str): temp_a = temp_a.replace(',','.')
    if isinstance(temp_b, str): temp_b = temp_b.replace(',','.')
    if float(temp_a) == float(temp_b): return None
    return a if float(temp_a) > float(temp_b) else b 
","def check(candidate):

    # Check some simple cases
    assert candidate(1, 2) == 2
    assert candidate(1, 2.5) == 2.5
    assert candidate(2, 3) == 3
    assert candidate(5, 6) == 6
    assert candidate(1, ""2,3"") == ""2,3""
    assert candidate(""5,1"", ""6"") == ""6""
    assert candidate(""1"", ""2"") == ""2""
    assert candidate(""1"", 1) == None

    # Check some edge cases that are easy to work out by hand.
    assert True

"
HumanEval/66,digitSum,"
def digitSum(s):
    """"""Task
    Write a function that takes a string as input and returns the sum of the upper characters only'
    ASCII codes.

    Examples:
        digitSum("""") => 0
        digitSum(""abAB"") => 131
        digitSum(""abcCd"") => 67
        digitSum(""helloE"") => 69
        digitSum(""woArBld"") => 131
        digitSum(""aAaaaXa"") => 153
    """"""
","    if s == """": return 0
    return sum(ord(char) if char.isupper() else 0 for char in s)
","def check(candidate):

    # Check some simple cases
    assert True, ""This prints if this assert fails 1 (good for debugging!)""
    assert candidate("""") == 0, ""Error""
    assert candidate(""abAB"") == 131, ""Error""
    assert candidate(""abcCd"") == 67, ""Error""
    assert candidate(""helloE"") == 69, ""Error""
    assert candidate(""woArBld"") == 131, ""Error""
    assert candidate(""aAaaaXa"") == 153, ""Error""

    # Check some edge cases that are easy to work out by hand.
    assert True, ""This prints if this assert fails 2 (also good for debugging!)""
    assert candidate("" How are yOu?"") == 151, ""Error""
    assert candidate(""You arE Very Smart"") == 327, ""Error""

"
HumanEval/30,get_positive,"

def get_positive(l: list):
    """"""Return only positive numbers in the list.
    >>> get_positive([-1, 2, -4, 5, 6])
    [2, 5, 6]
    >>> get_positive([5, 3, -5, 2, -3, 3, 9, 0, 123, 1, -10])
    [5, 3, 2, 3, 9, 123, 1]
    """"""
","    return [e for e in l if e > 0]
","

METADATA = {}


def check(candidate):
    assert candidate([-1, -2, 4, 5, 6]) == [4, 5, 6]
    assert candidate([5, 3, -5, 2, 3, 3, 9, 0, 123, 1, -10]) == [5, 3, 2, 3, 3, 9, 123, 1]
    assert candidate([-1, -2]) == []
    assert candidate([]) == []

"
HumanEval/124,valid_date,"
def valid_date(date):
    """"""You have to write a function which validates a given date string and
    returns True if the date is valid otherwise False.
    The date is valid if all of the following rules are satisfied:
    1. The date string is not empty.
    2. The number of days is not less than 1 or higher than 31 days for months 1,3,5,7,8,10,12. And the number of days is not less than 1 or higher than 30 days for months 4,6,9,11. And, the number of days is not less than 1 or higher than 29 for the month 2.
    3. The months should not be less than 1 or higher than 12.
    4. The date should be in the format: mm-dd-yyyy

    for example: 
    valid_date('03-11-2000') => True

    valid_date('15-01-2012') => False

    valid_date('04-0-2040') => False

    valid_date('06-04-2020') => True

    valid_date('06/04/2020') => False
    """"""
","    try:
        date = date.strip()
        month, day, year = date.split('-')
        month, day, year = int(month), int(day), int(year)
        if month < 1 or month > 12:
            return False
        if month in [1,3,5,7,8,10,12] and day < 1 or day > 31:
            return False
        if month in [4,6,9,11] and day < 1 or day > 30:
            return False
        if month == 2 and day < 1 or day > 29:
            return False
    except:
        return False

    return True
","def check(candidate):

    # Check some simple cases
    assert candidate('03-11-2000') == True

    assert candidate('15-01-2012') == False

    assert candidate('04-0-2040') == False

    assert candidate('06-04-2020') == True

    assert candidate('01-01-2007') == True

    assert candidate('03-32-2011') == False

    assert candidate('') == False

    assert candidate('04-31-3000') == False

    assert candidate('06-06-2005') == True

    assert candidate('21-31-2000') == False

    assert candidate('04-12-2003') == True

    assert candidate('04122003') == False

    assert candidate('20030412') == False

    assert candidate('2003-04') == False

    assert candidate('2003-04-12') == False

    assert candidate('04-2003') == False
"
HumanEval/154,cycpattern_check,"
def cycpattern_check(a , b):
    """"""You are given 2 words. You need to return True if the second word or any of its rotations is a substring in the first word
    cycpattern_check(""abcd"",""abd"") => False
    cycpattern_check(""hello"",""ell"") => True
    cycpattern_check(""whassup"",""psus"") => False
    cycpattern_check(""abab"",""baa"") => True
    cycpattern_check(""efef"",""eeff"") => False
    cycpattern_check(""himenss"",""simen"") => True

    """"""
","    l = len(b)
    pat = b + b
    for i in range(len(a) - l + 1):
        for j in range(l + 1):
            if a[i:i+l] == pat[j:j+l]:
                return True
    return False
","def check(candidate):

    # Check some simple cases
    #assert True, ""This prints if this assert fails 1 (good for debugging!)""

    # Check some edge cases that are easy to work out by hand.
    #assert True, ""This prints if this assert fails 2 (also good for debugging!)""
    assert  candidate(""xyzw"",""xyw"") == False , ""test #0""
    assert  candidate(""yello"",""ell"") == True , ""test #1""
    assert  candidate(""whattup"",""ptut"") == False , ""test #2""
    assert  candidate(""efef"",""fee"") == True , ""test #3""
    assert  candidate(""abab"",""aabb"") == False , ""test #4""
    assert  candidate(""winemtt"",""tinem"") == True , ""test #5""

"
HumanEval/18,how_many_times,"

def how_many_times(string: str, substring: str) -> int:
    """""" Find how many times a given substring can be found in the original string. Count overlaping cases.
    >>> how_many_times('', 'a')
    0
    >>> how_many_times('aaa', 'a')
    3
    >>> how_many_times('aaaa', 'aa')
    3
    """"""
","    times = 0

    for i in range(len(string) - len(substring) + 1):
        if string[i:i+len(substring)] == substring:
            times += 1

    return times
","

METADATA = {
    'author': 'jt',
    'dataset': 'test'
}


def check(candidate):
    assert candidate('', 'x') == 0
    assert candidate('xyxyxyx', 'x') == 4
    assert candidate('cacacacac', 'cac') == 4
    assert candidate('john doe', 'john') == 1
"
HumanEval/127,intersection,"
def intersection(interval1, interval2):
    """"""You are given two intervals,
    where each interval is a pair of integers. For example, interval = (start, end) = (1, 2).
    The given intervals are closed which means that the interval (start, end)
    includes both start and end.
    For each given interval, it is assumed that its start is less or equal its end.
    Your task is to determine whether the length of intersection of these two 
    intervals is a prime number.
    Example, the intersection of the intervals (1, 3), (2, 4) is (2, 3)
    which its length is 1, which not a prime number.
    If the length of the intersection is a prime number, return ""YES"",
    otherwise, return ""NO"".
    If the two intervals don't intersect, return ""NO"".


    [input/output] samples:
    intersection((1, 2), (2, 3)) ==> ""NO""
    intersection((-1, 1), (0, 4)) ==> ""NO""
    intersection((-3, -1), (-5, 5)) ==> ""YES""
    """"""
","    def is_prime(num):
        if num == 1 or num == 0:
            return False
        if num == 2:
            return True
        for i in range(2, num):
            if num%i == 0:
                return False
        return True

    l = max(interval1[0], interval2[0])
    r = min(interval1[1], interval2[1])
    length = r - l
    if length > 0 and is_prime(length):
        return ""YES""
    return ""NO""
","def check(candidate):

    # Check some simple cases
    assert candidate((1, 2), (2, 3)) == ""NO""
    assert candidate((-1, 1), (0, 4)) == ""NO""
    assert candidate((-3, -1), (-5, 5)) == ""YES""
    assert candidate((-2, 2), (-4, 0)) == ""YES""

    # Check some edge cases that are easy to work out by hand.
    assert candidate((-11, 2), (-1, -1)) == ""NO""
    assert candidate((1, 2), (3, 5)) == ""NO""
    assert candidate((1, 2), (1, 2)) == ""NO""
    assert candidate((-2, -2), (-3, -2)) == ""NO""

"
HumanEval/121,solution,"
def solution(lst):
    """"""Given a non-empty list of integers, return the sum of all of the odd elements that are in even positions.
    

    Examples
    solution([5, 8, 7, 1]) ==> 12
    solution([3, 3, 3, 3, 3]) ==> 9
    solution([30, 13, 24, 321]) ==>0
    """"""
","    return sum([x for idx, x in enumerate(lst) if idx%2==0 and x%2==1])
","def check(candidate):

    # Check some simple cases
    assert candidate([5, 8, 7, 1])    == 12
    assert candidate([3, 3, 3, 3, 3]) == 9
    assert candidate([30, 13, 24, 321]) == 0
    assert candidate([5, 9]) == 5
    assert candidate([2, 4, 8]) == 0
    assert candidate([30, 13, 23, 32]) == 23
    assert candidate([3, 13, 2, 9]) == 3

    # Check some edge cases that are easy to work out by hand.

"
HumanEval/0,has_close_elements,"from typing import List


def has_close_elements(numbers: List[float], threshold: float) -> bool:
    """""" Check if in given list of numbers, are any two numbers closer to each other than
    given threshold.
    >>> has_close_elements([1.0, 2.0, 3.0], 0.5)
    False
    >>> has_close_elements([1.0, 2.8, 3.0, 4.0, 5.0, 2.0], 0.3)
    True
    """"""
","    for idx, elem in enumerate(numbers):
        for idx2, elem2 in enumerate(numbers):
            if idx != idx2:
                distance = abs(elem - elem2)
                if distance < threshold:
                    return True

    return False
","

METADATA = {
    'author': 'jt',
    'dataset': 'test'
}


def check(candidate):
    assert candidate([1.0, 2.0, 3.9, 4.0, 5.0, 2.2], 0.3) == True
    assert candidate([1.0, 2.0, 3.9, 4.0, 5.0, 2.2], 0.05) == False
    assert candidate([1.0, 2.0, 5.9, 4.0, 5.0], 0.95) == True
    assert candidate([1.0, 2.0, 5.9, 4.0, 5.0], 0.8) == False
    assert candidate([1.0, 2.0, 3.0, 4.0, 5.0, 2.0], 0.1) == True
    assert candidate([1.1, 2.2, 3.1, 4.1, 5.1], 1.0) == True
    assert candidate([1.1, 2.2, 3.1, 4.1, 5.1], 0.5) == False

"
HumanEval/17,parse_music,"from typing import List


def parse_music(music_string: str) -> List[int]:
    """""" Input to this function is a string representing musical notes in a special ASCII format.
    Your task is to parse this string and return list of integers corresponding to how many beats does each
    not last.

    Here is a legend:
    'o' - whole note, lasts four beats
    'o|' - half note, lasts two beats
    '.|' - quater note, lasts one beat

    >>> parse_music('o o| .| o| o| .| .| .| .| o o')
    [4, 2, 1, 2, 2, 1, 1, 1, 1, 4, 4]
    """"""
","    note_map = {'o': 4, 'o|': 2, '.|': 1}
    return [note_map[x] for x in music_string.split(' ') if x]
","

METADATA = {
    'author': 'jt',
    'dataset': 'test'
}


def check(candidate):
    assert candidate('') == []
    assert candidate('o o o o') == [4, 4, 4, 4]
    assert candidate('.| .| .| .|') == [1, 1, 1, 1]
    assert candidate('o| o| .| .| o o o o') == [2, 2, 1, 1, 4, 4, 4, 4]
    assert candidate('o| .| o| .| o o| o o|') == [2, 1, 2, 1, 4, 2, 4, 2]
"
HumanEval/52,below_threshold,"

def below_threshold(l: list, t: int):
    """"""Return True if all numbers in the list l are below threshold t.
    >>> below_threshold([1, 2, 4, 10], 100)
    True
    >>> below_threshold([1, 20, 4, 10], 5)
    False
    """"""
","    for e in l:
        if e >= t:
            return False
    return True
","

METADATA = {}


def check(candidate):
    assert candidate([1, 2, 4, 10], 100)
    assert not candidate([1, 20, 4, 10], 5)
    assert candidate([1, 20, 4, 10], 21)
    assert candidate([1, 20, 4, 10], 22)
    assert candidate([1, 8, 4, 10], 11)
    assert not candidate([1, 8, 4, 10], 10)

"
HumanEval/123,get_odd_collatz,"
def get_odd_collatz(n):
    """"""
    Given a positive integer n, return a sorted list that has the odd numbers in collatz sequence.

    The Collatz conjecture is a conjecture in mathematics that concerns a sequence defined
    as follows: start with any positive integer n. Then each term is obtained from the 
    previous term as follows: if the previous term is even, the next term is one half of 
    the previous term. If the previous term is odd, the next term is 3 times the previous
    term plus 1. The conjecture is that no matter what value of n, the sequence will always reach 1.

    Note: 
        1. Collatz(1) is [1].
        2. returned list sorted in increasing order.

    For example:
    get_odd_collatz(5) returns [1, 5] # The collatz sequence for 5 is [5, 16, 8, 4, 2, 1], so the odd numbers are only 1, and 5.
    """"""
","    if n%2==0:
        odd_collatz = [] 
    else:
        odd_collatz = [n]
    while n > 1:
        if n % 2 == 0:
            n = n/2
        else:
            n = n*3 + 1
            
        if n%2 == 1:
            odd_collatz.append(int(n))

    return sorted(odd_collatz)
","def check(candidate):

    # Check some simple cases
    assert candidate(14) == [1, 5, 7, 11, 13, 17]
    assert candidate(5) == [1, 5]
    assert candidate(12) == [1, 3, 5], ""This prints if this assert fails 1 (good for debugging!)""

    # Check some edge cases that are easy to work out by hand.
    assert candidate(1) == [1], ""This prints if this assert fails 2 (also good for debugging!)""

"
HumanEval/38,decode_cyclic,"

def encode_cyclic(s: str):
    """"""
    returns encoded string by cycling groups of three characters.
    """"""
    # split string to groups. Each of length 3.
    groups = [s[(3 * i):min((3 * i + 3), len(s))] for i in range((len(s) + 2) // 3)]
    # cycle elements in each group. Unless group has fewer elements than 3.
    groups = [(group[1:] + group[0]) if len(group) == 3 else group for group in groups]
    return """".join(groups)


def decode_cyclic(s: str):
    """"""
    takes as input string encoded with encode_cyclic function. Returns decoded string.
    """"""
","    return encode_cyclic(encode_cyclic(s))
","

METADATA = {}


def check(candidate):
    from random import randint, choice
    import string

    letters = string.ascii_lowercase
    for _ in range(100):
        str = ''.join(choice(letters) for i in range(randint(10, 20)))
        encoded_str = encode_cyclic(str)
        assert candidate(encoded_str) == str

"
HumanEval/72,will_it_fly,"
def will_it_fly(q,w):
    '''
    Write a function that returns True if the object q will fly, and False otherwise.
    The object q will fly if it's balanced (it is a palindromic list) and the sum of its elements is less than or equal the maximum possible weight w.

    Example:
    will_it_fly([1, 2], 5) ➞ False 
    # 1+2 is less than the maximum possible weight, but it's unbalanced.

    will_it_fly([3, 2, 3], 1) ➞ False
    # it's balanced, but 3+2+3 is more than the maximum possible weight.

    will_it_fly([3, 2, 3], 9) ➞ True
    # 3+2+3 is less than the maximum possible weight, and it's balanced.

    will_it_fly([3], 5) ➞ True
    # 3 is less than the maximum possible weight, and it's balanced.
    '''
","    if sum(q) > w:
        return False

    i, j = 0, len(q)-1
    while i<j:
        if q[i] != q[j]:
            return False
        i+=1
        j-=1
    return True
","def check(candidate):

    # Check some simple cases
    assert candidate([3, 2, 3], 9) is True
    assert candidate([1, 2], 5) is False
    assert candidate([3], 5) is True
    assert candidate([3, 2, 3], 1) is False


    # Check some edge cases that are easy to work out by hand.
    assert candidate([1, 2, 3], 6) is False
    assert candidate([5], 5) is True

"
HumanEval/132,is_nested,"
def is_nested(string):
    '''
    Create a function that takes a string as input which contains only square brackets.
    The function should return True if and only if there is a valid subsequence of brackets 
    where at least one bracket in the subsequence is nested.

    is_nested('[[]]') ➞ True
    is_nested('[]]]]]]][[[[[]') ➞ False
    is_nested('[][]') ➞ False
    is_nested('[]') ➞ False
    is_nested('[[][]]') ➞ True
    is_nested('[[]][[') ➞ True
    '''
","    opening_bracket_index = []
    closing_bracket_index = []
    for i in range(len(string)):
        if string[i] == '[':
            opening_bracket_index.append(i)
        else:
            closing_bracket_index.append(i)
    closing_bracket_index.reverse()
    cnt = 0
    i = 0
    l = len(closing_bracket_index)
    for idx in opening_bracket_index:
        if i < l and idx < closing_bracket_index[i]:
            cnt += 1
            i += 1
    return cnt >= 2

    
","def check(candidate):

    # Check some simple cases
    assert candidate('[[]]') == True, ""This prints if this assert fails 1 (good for debugging!)""
    assert candidate('[]]]]]]][[[[[]') == False
    assert candidate('[][]') == False
    assert candidate(('[]')) == False
    assert candidate('[[[[]]]]') == True
    assert candidate('[]]]]]]]]]]') == False
    assert candidate('[][][[]]') == True
    assert candidate('[[]') == False
    assert candidate('[]]') == False
    assert candidate('[[]][[') == True
    assert candidate('[[][]]') == True

    # Check some edge cases that are easy to work out by hand.
    assert candidate('') == False, ""This prints if this assert fails 2 (also good for debugging!)""
    assert candidate('[[[[[[[[') == False
    assert candidate(']]]]]]]]') == False

"
HumanEval/95,check_dict_case,"
def check_dict_case(dict):
    """"""
    Given a dictionary, return True if all keys are strings in lower 
    case or all keys are strings in upper case, else return False.
    The function should return False is the given dictionary is empty.
    Examples:
    check_dict_case({""a"":""apple"", ""b"":""banana""}) should return True.
    check_dict_case({""a"":""apple"", ""A"":""banana"", ""B"":""banana""}) should return False.
    check_dict_case({""a"":""apple"", 8:""banana"", ""a"":""apple""}) should return False.
    check_dict_case({""Name"":""John"", ""Age"":""36"", ""City"":""Houston""}) should return False.
    check_dict_case({""STATE"":""NC"", ""ZIP"":""12345"" }) should return True.
    """"""
","    if len(dict.keys()) == 0:
        return False
    else:
        state = ""start""
        for key in dict.keys():

            if isinstance(key, str) == False:
                state = ""mixed""
                break
            if state == ""start"":
                if key.isupper():
                    state = ""upper""
                elif key.islower():
                    state = ""lower""
                else:
                    break
            elif (state == ""upper"" and not key.isupper()) or (state == ""lower"" and not key.islower()):
                    state = ""mixed""
                    break
            else:
                break
        return state == ""upper"" or state == ""lower"" 
","def check(candidate):

    # Check some simple cases
    assert candidate({""p"":""pineapple"", ""b"":""banana""}) == True, ""First test error: "" + str(candidate({""p"":""pineapple"", ""b"":""banana""}))
    assert candidate({""p"":""pineapple"", ""A"":""banana"", ""B"":""banana""}) == False, ""Second test error: "" + str(candidate({""p"":""pineapple"", ""A"":""banana"", ""B"":""banana""}))
    assert candidate({""p"":""pineapple"", 5:""banana"", ""a"":""apple""}) == False, ""Third test error: "" + str(candidate({""p"":""pineapple"", 5:""banana"", ""a"":""apple""}))
    assert candidate({""Name"":""John"", ""Age"":""36"", ""City"":""Houston""}) == False, ""Fourth test error: "" + str(candidate({""Name"":""John"", ""Age"":""36"", ""City"":""Houston""}))
    assert candidate({""STATE"":""NC"", ""ZIP"":""12345"" }) == True, ""Fifth test error: "" + str(candidate({""STATE"":""NC"", ""ZIP"":""12345"" }))      
    assert candidate({""fruit"":""Orange"", ""taste"":""Sweet"" }) == True, ""Fourth test error: "" + str(candidate({""fruit"":""Orange"", ""taste"":""Sweet"" }))      


    # Check some edge cases that are easy to work out by hand.
    assert candidate({}) == False, ""1st edge test error: "" + str(candidate({}))

"
HumanEval/2,truncate_number,"

def truncate_number(number: float) -> float:
    """""" Given a positive floating point number, it can be decomposed into
    and integer part (largest integer smaller than given number) and decimals
    (leftover part always smaller than 1).

    Return the decimal part of the number.
    >>> truncate_number(3.5)
    0.5
    """"""
","    return number % 1.0
","

METADATA = {
    'author': 'jt',
    'dataset': 'test'
}


def check(candidate):
    assert candidate(3.5) == 0.5
    assert abs(candidate(1.33) - 0.33) < 1e-6
    assert abs(candidate(123.456) - 0.456) < 1e-6
"
HumanEval/19,sort_numbers,"from typing import List


def sort_numbers(numbers: str) -> str:
    """""" Input is a space-delimited string of numberals from 'zero' to 'nine'.
    Valid choices are 'zero', 'one', 'two', 'three', 'four', 'five', 'six', 'seven', 'eight' and 'nine'.
    Return the string with numbers sorted from smallest to largest
    >>> sort_numbers('three one five')
    'one three five'
    """"""
","    value_map = {
        'zero': 0,
        'one': 1,
        'two': 2,
        'three': 3,
        'four': 4,
        'five': 5,
        'six': 6,
        'seven': 7,
        'eight': 8,
        'nine': 9
    }
    return ' '.join(sorted([x for x in numbers.split(' ') if x], key=lambda x: value_map[x]))
","

METADATA = {
    'author': 'jt',
    'dataset': 'test'
}


def check(candidate):
    assert candidate('') == ''
    assert candidate('three') == 'three'
    assert candidate('three five nine') == 'three five nine'
    assert candidate('five zero four seven nine eight') == 'zero four five seven eight nine'
    assert candidate('six five four three two one zero') == 'zero one two three four five six'
"
HumanEval/76,is_simple_power,"
def is_simple_power(x, n):
    """"""Your task is to write a function that returns true if a number x is a simple
    power of n and false in other cases.
    x is a simple power of n if n**int=x
    For example:
    is_simple_power(1, 4) => true
    is_simple_power(2, 2) => true
    is_simple_power(8, 2) => true
    is_simple_power(3, 2) => false
    is_simple_power(3, 1) => false
    is_simple_power(5, 3) => false
    """"""
","    if (n == 1): 
        return (x == 1) 
    power = 1
    while (power < x): 
        power = power * n 
    return (power == x) 
","def check(candidate):

    # Check some simple cases
    assert candidate(16, 2)== True, ""This prints if this assert fails 1 (good for debugging!)""
    assert candidate(143214, 16)== False, ""This prints if this assert fails 1 (good for debugging!)""
    assert candidate(4, 2)==True, ""This prints if this assert fails 1 (good for debugging!)""
    assert candidate(9, 3)==True, ""This prints if this assert fails 1 (good for debugging!)""
    assert candidate(16, 4)==True, ""This prints if this assert fails 1 (good for debugging!)""
    assert candidate(24, 2)==False, ""This prints if this assert fails 1 (good for debugging!)""
    assert candidate(128, 4)==False, ""This prints if this assert fails 1 (good for debugging!)""
    assert candidate(12, 6)==False, ""This prints if this assert fails 1 (good for debugging!)""

    # Check some edge cases that are easy to work out by hand.
    assert candidate(1, 1)==True, ""This prints if this assert fails 2 (also good for debugging!)""
    assert candidate(1, 12)==True, ""This prints if this assert fails 2 (also good for debugging!)""

"
HumanEval/109,move_one_ball,"
def move_one_ball(arr):
    """"""We have an array 'arr' of N integers arr[1], arr[2], ..., arr[N].The
    numbers in the array will be randomly ordered. Your task is to determine if
    it is possible to get an array sorted in non-decreasing order by performing 
    the following operation on the given array:
        You are allowed to perform right shift operation any number of times.
    
    One right shift operation means shifting all elements of the array by one
    position in the right direction. The last element of the array will be moved to
    the starting position in the array i.e. 0th index. 

    If it is possible to obtain the sorted array by performing the above operation
    then return True else return False.
    If the given array is empty then return True.

    Note: The given list is guaranteed to have unique elements.

    For Example:
    
    move_one_ball([3, 4, 5, 1, 2])==>True
    Explanation: By performin 2 right shift operations, non-decreasing order can
                 be achieved for the given array.
    move_one_ball([3, 5, 4, 1, 2])==>False
    Explanation:It is not possible to get non-decreasing order for the given
                array by performing any number of right shift operations.
                
    """"""
","    if len(arr)==0:
      return True
    sorted_array=sorted(arr)
    my_arr=[]
    
    min_value=min(arr)
    min_index=arr.index(min_value)
    my_arr=arr[min_index:]+arr[0:min_index]
    for i in range(len(arr)):
      if my_arr[i]!=sorted_array[i]:
        return False
    return True
","def check(candidate):

    # Check some simple cases
    assert candidate([3, 4, 5, 1, 2])==True, ""This prints if this assert fails 1 (good for debugging!)""
    assert candidate([3, 5, 10, 1, 2])==True
    assert candidate([4, 3, 1, 2])==False
    # Check some edge cases that are easy to work out by hand.
    assert candidate([3, 5, 4, 1, 2])==False, ""This prints if this assert fails 2 (also good for debugging!)""
    assert candidate([])==True
"
HumanEval/67,fruit_distribution,"
def fruit_distribution(s,n):
    """"""
    In this task, you will be given a string that represents a number of apples and oranges 
    that are distributed in a basket of fruit this basket contains 
    apples, oranges, and mango fruits. Given the string that represents the total number of 
    the oranges and apples and an integer that represent the total number of the fruits 
    in the basket return the number of the mango fruits in the basket.
    for examble:
    fruit_distribution(""5 apples and 6 oranges"", 19) ->19 - 5 - 6 = 8
    fruit_distribution(""0 apples and 1 oranges"",3) -> 3 - 0 - 1 = 2
    fruit_distribution(""2 apples and 3 oranges"", 100) -> 100 - 2 - 3 = 95
    fruit_distribution(""100 apples and 1 oranges"",120) -> 120 - 100 - 1 = 19
    """"""
","    lis = list()
    for i in s.split(' '):
        if i.isdigit():
            lis.append(int(i))
    return n - sum(lis)
","def check(candidate):

    # Check some simple cases
    assert candidate(""5 apples and 6 oranges"",19) == 8
    assert candidate(""5 apples and 6 oranges"",21) == 10
    assert candidate(""0 apples and 1 oranges"",3) == 2
    assert candidate(""1 apples and 0 oranges"",3) == 2
    assert candidate(""2 apples and 3 oranges"",100) == 95
    assert candidate(""2 apples and 3 oranges"",5) == 0
    assert candidate(""1 apples and 100 oranges"",120) == 19
"
HumanEval/159,eat,"
def eat(number, need, remaining):
    """"""
    You're a hungry rabbit, and you already have eaten a certain number of carrots,
    but now you need to eat more carrots to complete the day's meals.
    you should return an array of [ total number of eaten carrots after your meals,
                                    the number of carrots left after your meals ]
    if there are not enough remaining carrots, you will eat all remaining carrots, but will still be hungry.
    
    Example:
    * eat(5, 6, 10) -> [11, 4]
    * eat(4, 8, 9) -> [12, 1]
    * eat(1, 10, 10) -> [11, 0]
    * eat(2, 11, 5) -> [7, 0]
    
    Variables:
    @number : integer
        the number of carrots that you have eaten.
    @need : integer
        the number of carrots that you need to eat.
    @remaining : integer
        the number of remaining carrots thet exist in stock
    
    Constrain:
    * 0 <= number <= 1000
    * 0 <= need <= 1000
    * 0 <= remaining <= 1000

    Have fun :)
    """"""
","    if(need <= remaining):
        return [ number + need , remaining-need ]
    else:
        return [ number + remaining , 0]
","def check(candidate):

    # Check some simple cases
    assert True, ""This prints if this assert fails 1 (good for debugging!)""
    assert candidate(5, 6, 10) == [11, 4], ""Error""
    assert candidate(4, 8, 9) == [12, 1], ""Error""
    assert candidate(1, 10, 10) == [11, 0], ""Error""
    assert candidate(2, 11, 5) == [7, 0], ""Error""

    # Check some edge cases that are easy to work out by hand.
    assert True, ""This prints if this assert fails 2 (also good for debugging!)""
    assert candidate(4, 5, 7) == [9, 2], ""Error""
    assert candidate(4, 5, 1) == [5, 0], ""Error""

"
HumanEval/158,find_max,"
def find_max(words):
    """"""Write a function that accepts a list of strings.
    The list contains different words. Return the word with maximum number
    of unique characters. If multiple strings have maximum number of unique
    characters, return the one which comes first in lexicographical order.

    find_max([""name"", ""of"", ""string""]) == ""string""
    find_max([""name"", ""enam"", ""game""]) == ""enam""
    find_max([""aaaaaaa"", ""bb"" ,""cc""]) == """"aaaaaaa""
    """"""
","    return sorted(words, key = lambda x: (-len(set(x)), x))[0]
","def check(candidate):

    # Check some simple cases
    assert (candidate([""name"", ""of"", ""string""]) == ""string""), ""t1""
    assert (candidate([""name"", ""enam"", ""game""]) == ""enam""), 't2'
    assert (candidate([""aaaaaaa"", ""bb"", ""cc""]) == ""aaaaaaa""), 't3'
    assert (candidate([""abc"", ""cba""]) == ""abc""), 't4'
    assert (candidate([""play"", ""this"", ""game"", ""of"",""footbott""]) == ""footbott""), 't5'
    assert (candidate([""we"", ""are"", ""gonna"", ""rock""]) == ""gonna""), 't6'
    assert (candidate([""we"", ""are"", ""a"", ""mad"", ""nation""]) == ""nation""), 't7'
    assert (candidate([""this"", ""is"", ""a"", ""prrk""]) == ""this""), 't8'

    # Check some edge cases that are easy to work out by hand.
    assert (candidate([""b""]) == ""b""), 't9'
    assert (candidate([""play"", ""play"", ""play""]) == ""play""), 't10'

"
HumanEval/144,simplify,"
def simplify(x, n):
    """"""Your task is to implement a function that will simplify the expression
    x * n. The function returns True if x * n evaluates to a whole number and False
    otherwise. Both x and n, are string representation of a fraction, and have the following format,
    <numerator>/<denominator> where both numerator and denominator are positive whole numbers.

    You can assume that x, and n are valid fractions, and do not have zero as denominator.

    simplify(""1/5"", ""5/1"") = True
    simplify(""1/6"", ""2/1"") = False
    simplify(""7/10"", ""10/2"") = False
    """"""
","    a, b = x.split(""/"")
    c, d = n.split(""/"")
    numerator = int(a) * int(c)
    denom = int(b) * int(d)
    if (numerator/denom == int(numerator/denom)):
        return True
    return False
","def check(candidate):

    # Check some simple cases
    assert candidate(""1/5"", ""5/1"") == True, 'test1'
    assert candidate(""1/6"", ""2/1"") == False, 'test2'
    assert candidate(""5/1"", ""3/1"") == True, 'test3'
    assert candidate(""7/10"", ""10/2"") == False, 'test4'
    assert candidate(""2/10"", ""50/10"") == True, 'test5'
    assert candidate(""7/2"", ""4/2"") == True, 'test6'
    assert candidate(""11/6"", ""6/1"") == True, 'test7'
    assert candidate(""2/3"", ""5/2"") == False, 'test8'
    assert candidate(""5/2"", ""3/5"") == False, 'test9'
    assert candidate(""2/4"", ""8/4"") == True, 'test10'


    # Check some edge cases that are easy to work out by hand.
    assert candidate(""2/4"", ""4/2"") == True, 'test11'
    assert candidate(""1/5"", ""5/1"") == True, 'test12'
    assert candidate(""1/5"", ""1/5"") == False, 'test13'

"
HumanEval/112,reverse_delete,"
def reverse_delete(s,c):
    """"""Task
    We are given two strings s and c, you have to deleted all the characters in s that are equal to any character in c
    then check if the result string is palindrome.
    A string is called palindrome if it reads the same backward as forward.
    You should return a tuple containing the result string and True/False for the check.
    Example
    For s = ""abcde"", c = ""ae"", the result should be ('bcd',False)
    For s = ""abcdef"", c = ""b""  the result should be ('acdef',False)
    For s = ""abcdedcba"", c = ""ab"", the result should be ('cdedc',True)
    """"""
","    s = ''.join([char for char in s if char not in c])
    return (s,s[::-1] == s)
","def check(candidate):

    assert candidate(""abcde"",""ae"") == ('bcd',False)
    assert candidate(""abcdef"", ""b"") == ('acdef',False)
    assert candidate(""abcdedcba"",""ab"") == ('cdedc',True)
    assert candidate(""dwik"",""w"") == ('dik',False)
    assert candidate(""a"",""a"") == ('',True)
    assert candidate(""abcdedcba"","""") == ('abcdedcba',True)
    assert candidate(""abcdedcba"",""v"") == ('abcdedcba',True)
    assert candidate(""vabba"",""v"") == ('abba',True)
    assert candidate(""mamma"", ""mia"") == ("""", True)
"
HumanEval/3,below_zero,"from typing import List


def below_zero(operations: List[int]) -> bool:
    """""" You're given a list of deposit and withdrawal operations on a bank account that starts with
    zero balance. Your task is to detect if at any point the balance of account fallls below zero, and
    at that point function should return True. Otherwise it should return False.
    >>> below_zero([1, 2, 3])
    False
    >>> below_zero([1, 2, -4, 5])
    True
    """"""
","    balance = 0

    for op in operations:
        balance += op
        if balance < 0:
            return True

    return False
","

METADATA = {
    'author': 'jt',
    'dataset': 'test'
}


def check(candidate):
    assert candidate([]) == False
    assert candidate([1, 2, -3, 1, 2, -3]) == False
    assert candidate([1, 2, -4, 5, 6]) == True
    assert candidate([1, -1, 2, -2, 5, -5, 4, -4]) == False
    assert candidate([1, -1, 2, -2, 5, -5, 4, -5]) == True
    assert candidate([1, -2, 2, -2, 5, -5, 4, -4]) == True
"
HumanEval/102,choose_num,"
def choose_num(x, y):
    """"""This function takes two positive numbers x and y and returns the
    biggest even integer number that is in the range [x, y] inclusive. If 
    there's no such number, then the function should return -1.

    For example:
    choose_num(12, 15) = 14
    choose_num(13, 12) = -1
    """"""
","    if x > y:
        return -1
    if y % 2 == 0:
        return y
    if x == y:
        return -1
    return y - 1
","def check(candidate):

    # Check some simple cases
    assert candidate(12, 15) == 14
    assert candidate(13, 12) == -1
    assert candidate(33, 12354) == 12354
    assert candidate(5234, 5233) == -1
    assert candidate(6, 29) == 28
    assert candidate(27, 10) == -1

    # Check some edge cases that are easy to work out by hand.
    assert candidate(7, 7) == -1
    assert candidate(546, 546) == 546

"
HumanEval/54,same_chars,"

def same_chars(s0: str, s1: str):
    """"""
    Check if two words have the same characters.
    >>> same_chars('eabcdzzzz', 'dddzzzzzzzddeddabc')
    True
    >>> same_chars('abcd', 'dddddddabc')
    True
    >>> same_chars('dddddddabc', 'abcd')
    True
    >>> same_chars('eabcd', 'dddddddabc')
    False
    >>> same_chars('abcd', 'dddddddabce')
    False
    >>> same_chars('eabcdzzzz', 'dddzzzzzzzddddabc')
    False
    """"""
","    return set(s0) == set(s1)
","

METADATA = {}


def check(candidate):
    assert candidate('eabcdzzzz', 'dddzzzzzzzddeddabc') == True
    assert candidate('abcd', 'dddddddabc') == True
    assert candidate('dddddddabc', 'abcd') == True
    assert candidate('eabcd', 'dddddddabc') == False
    assert candidate('abcd', 'dddddddabcf') == False
    assert candidate('eabcdzzzz', 'dddzzzzzzzddddabc') == False
    assert candidate('aabb', 'aaccc') == False

"
HumanEval/32,find_zero,"import math


def poly(xs: list, x: float):
    """"""
    Evaluates polynomial with coefficients xs at point x.
    return xs[0] + xs[1] * x + xs[1] * x^2 + .... xs[n] * x^n
    """"""
    return sum([coeff * math.pow(x, i) for i, coeff in enumerate(xs)])


def find_zero(xs: list):
    """""" xs are coefficients of a polynomial.
    find_zero find x such that poly(x) = 0.
    find_zero returns only only zero point, even if there are many.
    Moreover, find_zero only takes list xs having even number of coefficients
    and largest non zero coefficient as it guarantees
    a solution.
    >>> round(find_zero([1, 2]), 2) # f(x) = 1 + 2x
    -0.5
    >>> round(find_zero([-6, 11, -6, 1]), 2) # (x - 1) * (x - 2) * (x - 3) = -6 + 11x - 6x^2 + x^3
    1.0
    """"""
","    begin, end = -1., 1.
    while poly(xs, begin) * poly(xs, end) > 0:
        begin *= 2.0
        end *= 2.0
    while end - begin > 1e-10:
        center = (begin + end) / 2.0
        if poly(xs, center) * poly(xs, begin) > 0:
            begin = center
        else:
            end = center
    return begin
","

METADATA = {}


def check(candidate):
    import math
    import random
    rng = random.Random(42)
    import copy
    for _ in range(100):
        ncoeff = 2 * rng.randint(1, 4)
        coeffs = []
        for _ in range(ncoeff):
            coeff = rng.randint(-10, 10)
            if coeff == 0:
                coeff = 1
            coeffs.append(coeff)
        solution = candidate(copy.deepcopy(coeffs))
        assert math.fabs(poly(coeffs, solution)) < 1e-4

"
HumanEval/75,is_multiply_prime,"
def is_multiply_prime(a):
    """"""Write a function that returns true if the given number is the multiplication of 3 prime numbers
    and false otherwise.
    Knowing that (a) is less then 100. 
    Example:
    is_multiply_prime(30) == True
    30 = 2 * 3 * 5
    """"""
","    def is_prime(n):
        for j in range(2,n):
            if n%j == 0:
                return False
        return True

    for i in range(2,101):
        if not is_prime(i): continue
        for j in range(2,101):
            if not is_prime(j): continue
            for k in range(2,101):
                if not is_prime(k): continue
                if i*j*k == a: return True
    return False
","def check(candidate):

    assert candidate(5) == False
    assert candidate(30) == True
    assert candidate(8) == True
    assert candidate(10) == False
    assert candidate(125) == True
    assert candidate(3 * 5 * 7) == True
    assert candidate(3 * 6 * 7) == False
    assert candidate(9 * 9 * 9) == False
    assert candidate(11 * 9 * 9) == False
    assert candidate(11 * 13 * 7) == True

"
HumanEval/14,all_prefixes,"from typing import List


def all_prefixes(string: str) -> List[str]:
    """""" Return list of all prefixes from shortest to longest of the input string
    >>> all_prefixes('abc')
    ['a', 'ab', 'abc']
    """"""
","    result = []

    for i in range(len(string)):
        result.append(string[:i+1])
    return result
","

METADATA = {
    'author': 'jt',
    'dataset': 'test'
}


def check(candidate):
    assert candidate('') == []
    assert candidate('asdfgh') == ['a', 'as', 'asd', 'asdf', 'asdfg', 'asdfgh']
    assert candidate('WWW') == ['W', 'WW', 'WWW']
"
HumanEval/128,prod_signs,"
def prod_signs(arr):
    """"""
    You are given an array arr of integers and you need to return
    sum of magnitudes of integers multiplied by product of all signs
    of each number in the array, represented by 1, -1 or 0.
    Note: return None for empty arr.

    Example:
    >>> prod_signs([1, 2, 2, -4]) == -9
    >>> prod_signs([0, 1]) == 0
    >>> prod_signs([]) == None
    """"""
","    if not arr: return None
    prod = 0 if 0 in arr else (-1) ** len(list(filter(lambda x: x < 0, arr)))
    return prod * sum([abs(i) for i in arr])
","def check(candidate):

    # Check some simple cases
    assert True, ""This prints if this assert fails 1 (good for debugging!)""
    assert candidate([1, 2, 2, -4]) == -9
    assert candidate([0, 1]) == 0
    assert candidate([1, 1, 1, 2, 3, -1, 1]) == -10
    assert candidate([]) == None
    assert candidate([2, 4,1, 2, -1, -1, 9]) == 20
    assert candidate([-1, 1, -1, 1]) == 4
    assert candidate([-1, 1, 1, 1]) == -4
    assert candidate([-1, 1, 1, 0]) == 0

    # Check some edge cases that are easy to work out by hand.
    assert True, ""This prints if this assert fails 2 (also good for debugging!)""

"
HumanEval/53,add,"

def add(x: int, y: int):
    """"""Add two numbers x and y
    >>> add(2, 3)
    5
    >>> add(5, 7)
    12
    """"""
","    return x + y
","

METADATA = {}


def check(candidate):
    import random

    assert candidate(0, 1) == 1
    assert candidate(1, 0) == 1
    assert candidate(2, 3) == 5
    assert candidate(5, 7) == 12
    assert candidate(7, 5) == 12

    for i in range(100):
        x, y = random.randint(0, 1000), random.randint(0, 1000)
        assert candidate(x, y) == x + y

"
HumanEval/43,pairs_sum_to_zero,"

def pairs_sum_to_zero(l):
    """"""
    pairs_sum_to_zero takes a list of integers as an input.
    it returns True if there are two distinct elements in the list that
    sum to zero, and False otherwise.
    >>> pairs_sum_to_zero([1, 3, 5, 0])
    False
    >>> pairs_sum_to_zero([1, 3, -2, 1])
    False
    >>> pairs_sum_to_zero([1, 2, 3, 7])
    False
    >>> pairs_sum_to_zero([2, 4, -5, 3, 5, 7])
    True
    >>> pairs_sum_to_zero([1])
    False
    """"""
","    for i, l1 in enumerate(l):
        for j in range(i + 1, len(l)):
            if l1 + l[j] == 0:
                return True
    return False
","

METADATA = {}


def check(candidate):
    assert candidate([1, 3, 5, 0]) == False
    assert candidate([1, 3, -2, 1]) == False
    assert candidate([1, 2, 3, 7]) == False
    assert candidate([2, 4, -5, 3, 5, 7]) == True
    assert candidate([1]) == False

    assert candidate([-3, 9, -1, 3, 2, 30]) == True
    assert candidate([-3, 9, -1, 3, 2, 31]) == True
    assert candidate([-3, 9, -1, 4, 2, 30]) == False
    assert candidate([-3, 9, -1, 4, 2, 31]) == False

"
HumanEval/63,fibfib,"

def fibfib(n: int):
    """"""The FibFib number sequence is a sequence similar to the Fibbonacci sequnece that's defined as follows:
    fibfib(0) == 0
    fibfib(1) == 0
    fibfib(2) == 1
    fibfib(n) == fibfib(n-1) + fibfib(n-2) + fibfib(n-3).
    Please write a function to efficiently compute the n-th element of the fibfib number sequence.
    >>> fibfib(1)
    0
    >>> fibfib(5)
    4
    >>> fibfib(8)
    24
    """"""
","    if n == 0:
        return 0
    if n == 1:
        return 0
    if n == 2:
        return 1
    return fibfib(n - 1) + fibfib(n - 2) + fibfib(n - 3)
","

METADATA = {}


def check(candidate):
    assert candidate(2) == 1
    assert candidate(1) == 0
    assert candidate(5) == 4
    assert candidate(8) == 24
    assert candidate(10) == 81
    assert candidate(12) == 274
    assert candidate(14) == 927

"
HumanEval/99,closest_integer,"
def closest_integer(value):
    '''
    Create a function that takes a value (string) representing a number
    and returns the closest integer to it. If the number is equidistant
    from two integers, round it away from zero.

    Examples
    >>> closest_integer(""10"")
    10
    >>> closest_integer(""15.3"")
    15

    Note:
    Rounding away from zero means that if the given number is equidistant
    from two integers, the one you should return is the one that is the
    farthest from zero. For example closest_integer(""14.5"") should
    return 15 and closest_integer(""-14.5"") should return -15.
    '''
","    from math import floor, ceil

    if value.count('.') == 1:
        # remove trailing zeros
        while (value[-1] == '0'):
            value = value[:-1]

    num = float(value)
    if value[-2:] == '.5':
        if num > 0:
            res = ceil(num)
        else:
            res = floor(num)
    elif len(value) > 0:
        res = int(round(num))
    else:
        res = 0

    return res

","def check(candidate):

    # Check some simple cases
    assert candidate(""10"") == 10, ""Test 1""
    assert candidate(""14.5"") == 15, ""Test 2""
    assert candidate(""-15.5"") == -16, ""Test 3""
    assert candidate(""15.3"") == 15, ""Test 3""

    # Check some edge cases that are easy to work out by hand.
    assert candidate(""0"") == 0, ""Test 0""

"
HumanEval/49,modp,"

def modp(n: int, p: int):
    """"""Return 2^n modulo p (be aware of numerics).
    >>> modp(3, 5)
    3
    >>> modp(1101, 101)
    2
    >>> modp(0, 101)
    1
    >>> modp(3, 11)
    8
    >>> modp(100, 101)
    1
    """"""
","    ret = 1
    for i in range(n):
        ret = (2 * ret) % p
    return ret
","

METADATA = {}


def check(candidate):
    assert candidate(3, 5) == 3
    assert candidate(1101, 101) == 2
    assert candidate(0, 101) == 1
    assert candidate(3, 11) == 8
    assert candidate(100, 101) == 1
    assert candidate(30, 5) == 4
    assert candidate(31, 5) == 3

"
HumanEval/65,circular_shift,"
def circular_shift(x, shift):
    """"""Circular shift the digits of the integer x, shift the digits right by shift
    and return the result as a string.
    If shift > number of digits, return digits reversed.
    >>> circular_shift(12, 1)
    ""21""
    >>> circular_shift(12, 2)
    ""12""
    """"""
","    s = str(x)
    if shift > len(s):
        return s[::-1]
    else:
        return s[len(s) - shift:] + s[:len(s) - shift]
","def check(candidate):

    # Check some simple cases
    assert candidate(100, 2) == ""001""
    assert candidate(12, 2) == ""12""
    assert candidate(97, 8) == ""79""
    assert candidate(12, 1) == ""21"", ""This prints if this assert fails 1 (good for debugging!)""

    # Check some edge cases that are easy to work out by hand.
    assert candidate(11, 101) == ""11"", ""This prints if this assert fails 2 (also good for debugging!)""

"
HumanEval/118,get_closest_vowel,"
def get_closest_vowel(word):
    """"""You are given a word. Your task is to find the closest vowel that stands between 
    two consonants from the right side of the word (case sensitive).
    
    Vowels in the beginning and ending doesn't count. Return empty string if you didn't
    find any vowel met the above condition. 

    You may assume that the given string contains English letter only.

    Example:
    get_closest_vowel(""yogurt"") ==> ""u""
    get_closest_vowel(""FULL"") ==> ""U""
    get_closest_vowel(""quick"") ==> """"
    get_closest_vowel(""ab"") ==> """"
    """"""
","    if len(word) < 3:
        return """"

    vowels = {""a"", ""e"", ""i"", ""o"", ""u"", ""A"", ""E"", 'O', 'U', 'I'}
    for i in range(len(word)-2, 0, -1):
        if word[i] in vowels:
            if (word[i+1] not in vowels) and (word[i-1] not in vowels):
                return word[i]
    return """"
","def check(candidate):

    # Check some simple cases
    assert candidate(""yogurt"") == ""u""
    assert candidate(""full"") == ""u""
    assert candidate(""easy"") == """"
    assert candidate(""eAsy"") == """"
    assert candidate(""ali"") == """"
    assert candidate(""bad"") == ""a""
    assert candidate(""most"") == ""o""
    assert candidate(""ab"") == """"
    assert candidate(""ba"") == """"
    assert candidate(""quick"") == """"
    assert candidate(""anime"") == ""i""
    assert candidate(""Asia"") == """"
    assert candidate(""Above"") == ""o""

    # Check some edge cases that are easy to work out by hand.
    assert True

"
HumanEval/115,max_fill,"
def max_fill(grid, capacity):
    import math
    """"""
    You are given a rectangular grid of wells. Each row represents a single well,
    and each 1 in a row represents a single unit of water.
    Each well has a corresponding bucket that can be used to extract water from it, 
    and all buckets have the same capacity.
    Your task is to use the buckets to empty the wells.
    Output the number of times you need to lower the buckets.

    Example 1:
        Input: 
            grid : [[0,0,1,0], [0,1,0,0], [1,1,1,1]]
            bucket_capacity : 1
        Output: 6

    Example 2:
        Input: 
            grid : [[0,0,1,1], [0,0,0,0], [1,1,1,1], [0,1,1,1]]
            bucket_capacity : 2
        Output: 5
    
    Example 3:
        Input: 
            grid : [[0,0,0], [0,0,0]]
            bucket_capacity : 5
        Output: 0

    Constraints:
        * all wells have the same length
        * 1 <= grid.length <= 10^2
        * 1 <= grid[:,1].length <= 10^2
        * grid[i][j] -> 0 | 1
        * 1 <= capacity <= 10
    """"""
","    return sum([math.ceil(sum(arr)/capacity) for arr in grid])
","def check(candidate):


    # Check some simple cases
    assert True, ""This prints if this assert fails 1 (good for debugging!)""
    assert candidate([[0,0,1,0], [0,1,0,0], [1,1,1,1]], 1) == 6, ""Error""
    assert candidate([[0,0,1,1], [0,0,0,0], [1,1,1,1], [0,1,1,1]], 2) == 5, ""Error""
    assert candidate([[0,0,0], [0,0,0]], 5) == 0, ""Error""

    # Check some edge cases that are easy to work out by hand.
    assert True, ""This prints if this assert fails 2 (also good for debugging!)""
    assert candidate([[1,1,1,1], [1,1,1,1]], 2) == 4, ""Error""
    assert candidate([[1,1,1,1], [1,1,1,1]], 9) == 2, ""Error""

"
HumanEval/64,vowels_count,"
FIX = """"""
Add more test cases.
""""""

def vowels_count(s):
    """"""Write a function vowels_count which takes a string representing
    a word as input and returns the number of vowels in the string.
    Vowels in this case are 'a', 'e', 'i', 'o', 'u'. Here, 'y' is also a
    vowel, but only when it is at the end of the given word.

    Example:
    >>> vowels_count(""abcde"")
    2
    >>> vowels_count(""ACEDY"")
    3
    """"""
","    vowels = ""aeiouAEIOU""
    n_vowels = sum(c in vowels for c in s)
    if s[-1] == 'y' or s[-1] == 'Y':
        n_vowels += 1
    return n_vowels
","def check(candidate):

    # Check some simple cases
    assert candidate(""abcde"") == 2, ""Test 1""
    assert candidate(""Alone"") == 3, ""Test 2""
    assert candidate(""key"") == 2, ""Test 3""
    assert candidate(""bye"") == 1, ""Test 4""
    assert candidate(""keY"") == 2, ""Test 5""
    assert candidate(""bYe"") == 1, ""Test 6""
    assert candidate(""ACEDY"") == 3, ""Test 7""

    # Check some edge cases that are easy to work out by hand.
    assert True, ""This prints if this assert fails 2 (also good for debugging!)""

"
HumanEval/16,count_distinct_characters,"

def count_distinct_characters(string: str) -> int:
    """""" Given a string, find out how many distinct characters (regardless of case) does it consist of
    >>> count_distinct_characters('xyzXYZ')
    3
    >>> count_distinct_characters('Jerry')
    4
    """"""
","    return len(set(string.lower()))
","

METADATA = {
    'author': 'jt',
    'dataset': 'test'
}


def check(candidate):
    assert candidate('') == 0
    assert candidate('abcde') == 5
    assert candidate('abcde' + 'cade' + 'CADE') == 5
    assert candidate('aaaaAAAAaaaa') == 1
    assert candidate('Jerry jERRY JeRRRY') == 5
"
