id,input,answer,additional_context,few_shot
77,"Claim: Data dog evidence quick over quick.
Context: Lazy model evidence data lazy claim lazy lazy evidence dog brown verify over brown quick jumps over brown evidence lazy jumps dog quick.",SUPPORTED,{},"[{""input"": ""Claim: Brown dog jumps over lazy model. Context: Brown dog jumps over the lazy model; evidence confirms the jump."", ""label"": ""SUPPORTED""}, {""input"": ""Claim: The fox runs under the dog. Context: The fox jumps over the dog in the evidence line."", ""label"": ""NOT_SUPPORTED""}, {""input"": ""Claim: Quick data verify lazy evidence. Context: Quick data verify the lazy evidence in the brown summary."", ""label"": ""SUPPORTED""}]"
26,"Claim: Fox over evidence ai ai verify evidence claim jumps quick.
Context: Claim fox jumps fox dog jumps the quick ai data data brown dog brown dog model over over model lazy data model the over evidence quick data over verify the brown lazy dog over over data.",SUPPORTED,{},"[{""input"": ""Claim: The cat sat on the mat. Context: A cat is sitting on a mat in the living room."", ""label"": ""SUPPORTED""}, {""input"": ""Claim: Water boils at 100 degrees Celsius at sea level. Context: The textbook states that at sea level, water's boiling point is 100 degrees Celsius."", ""label"": ""SUPPORTED""}, {""input"": ""Claim: Alice won the 2020 race. Context: Official results state Bob won the 2020 race, with Alice in second place."", ""label"": ""NOT_SUPPORTED""}]"
36,"Claim: Data model over ai lazy dog ai the over over over over.
Context: Brown dog verify evidence dog fox ai evidence brown data lazy jumps lazy the data verify model quick data dog ai over quick fox evidence ai over jumps jumps claim over dog data dog.",SUPPORTED,{},"[{""input"": ""Claim: The quick brown fox jumps over the lazy dog. Context: The text states the quick brown fox jumps over the lazy dog."", ""label"": ""SUPPORTED""}, {""input"": ""Claim: The data model predicts the dog is black. Context: The passage describes a brown dog and offers no prediction results."", ""label"": ""NOT_SUPPORTED""}, {""input"": ""Claim: AI verifies the evidence twice. Context: The context reports that AI verifies the evidence twice with logs."", ""label"": ""SUPPORTED""}]"
58,"Claim: Dog the jumps evidence data over the brown verify fox brown model.
Context: Brown ai brown brown evidence dog claim the the model claim fox verify evidence data jumps over model lazy verify.",SUPPORTED,{},"[{""input"": ""Claim: The quick brown fox jumps over the lazy dog. Context: The description confirms a quick brown fox leaping over a lazy dog."", ""label"": ""SUPPORTED""}, {""input"": ""Claim: Penguins can fly across the Atlantic. Context: The article says penguins are flightless and travel by swimming, not flying."", ""label"": ""NOT_SUPPORTED""}, {""input"": ""Claim: Mars is the fourth planet from the Sun. Context: The text lists Mercury, Venus, Earth, then Mars as the fourth planet."", ""label"": ""SUPPORTED""}]"
71,"Claim: Verify jumps quick evidence quick data lazy over model dog data.
Context: Claim lazy fox jumps verify evidence dog over over claim dog over claim brown brown over the quick fox model jumps ai evidence data ai.",NOT_SUPPORTED,{},"[{""input"": ""Claim: Quick brown fox jumps over the lazy dog. Context: Evidence in the data confirms the quick brown fox jumps over the lazy dog."", ""label"": ""SUPPORTED""}, {""input"": ""Claim: The lazy dog jumps over the fox. Context: The context says the fox jumps over the dog and provides no data of the dog jumping over the fox."", ""label"": ""NOT_SUPPORTED""}, {""input"": ""Claim: AI model evidence verifies the fox jumps over the dog. Context: Model data and evidence state the fox jumps over the dog, supporting the claim."", ""label"": ""SUPPORTED""}]"
8,"Claim: Data dog dog claim data lazy model over ai dog.
Context: Quick fox quick claim claim jumps lazy dog over fox data lazy quick brown dog over data quick over evidence lazy evidence brown claim dog verify claim verify dog.",NOT_SUPPORTED,{},"[{""input"": ""Claim: The quick brown fox jumps over the lazy dog. Context: The text confirms a quick brown fox jumps over a lazy dog."", ""label"": ""SUPPORTED""}, {""input"": ""Claim: Data shows the lazy dog outruns the quick fox. Context: The sentence says the quick fox outruns the lazy dog."", ""label"": ""NOT_SUPPORTED""}, {""input"": ""Claim: The report states there is evidence of a lazy dog. Context: The context says evidence confirms a lazy dog was present."", ""label"": ""SUPPORTED""}]"
86,"Claim: Dog model claim the data ai claim fox.
Context: Evidence over the model the brown over verify jumps brown over dog fox data the lazy lazy brown jumps ai quick fox brown data fox over.",NOT_SUPPORTED,{},"[{""input"": ""Claim: The model says the quick fox jumps over the lazy dog. Context: Logs show the quick fox jumps over the lazy dog."", ""label"": ""SUPPORTED""}, {""input"": ""Claim: The data claims the brown dog chases the fox. Context: Evidence shows the brown dog stays lazy while the fox jumps away."", ""label"": ""NOT_SUPPORTED""}, {""input"": ""Claim: AI notes two foxes jump over one dog. Context: Records confirm two foxes jump over one lazy dog."", ""label"": ""SUPPORTED""}]"
28,"Claim: Brown jumps model evidence ai fox model claim brown brown data over claim the.
Context: Jumps claim claim brown claim over dog lazy brown dog the data brown fox brown jumps jumps quick brown fox verify fox.",NOT_SUPPORTED,{},"[{""input"": ""Claim: The quick brown fox jumps over the lazy dog. Context: The text states that a quick brown fox jumps over a lazy dog."", ""label"": ""SUPPORTED""}, {""input"": ""Claim: Paris is the capital of Germany. Context: Berlin is the capital of Germany."", ""label"": ""NOT_SUPPORTED""}, {""input"": ""Claim: Mars is known as the Red Planet. Context: Mars is often called the Red Planet because of its reddish color."", ""label"": ""SUPPORTED""}]"
22,"Claim: Evidence verify data claim ai claim quick the over the model evidence brown.
Context: Verify verify brown quick lazy verify verify quick the dog data evidence the over quick verify ai jumps verify fox data model evidence the over.",NOT_SUPPORTED,{},"[{""input"": ""Claim: The quick brown fox jumps over the lazy dog. Context: A quick brown fox is said to jump over a lazy dog."", ""label"": ""SUPPORTED""}, {""input"": ""Claim: The AI model verifies all data instantly. Context: The model is described as slow and often fails to verify data."", ""label"": ""NOT_SUPPORTED""}, {""input"": ""Claim: Evidence confirms the model is quick. Context: The text states the model is quick and efficient."", ""label"": ""SUPPORTED""}]"
54,"Claim: Brown claim ai verify verify quick model dog model data fox claim quick claim.
Context: Verify jumps dog dog evidence brown data over quick brown data model over dog ai claim evidence evidence verify lazy the lazy model jumps the model verify lazy the the fox over lazy.",SUPPORTED,{},"[{""input"": ""Claim: The brown fox jumps over the lazy dog. Context: The brown fox jumps over the lazy dog as observed."", ""label"": ""SUPPORTED""}, {""input"": ""Claim: The fox never jumps over dogs. Context: Reports state the fox jumps over the dog frequently."", ""label"": ""NOT_SUPPORTED""}, {""input"": ""Claim: The quick model uses dog data. Context: Documentation confirms the quick model uses dog data."", ""label"": ""SUPPORTED""}]"
97,"Claim: Evidence brown fox evidence quick brown.
Context: Evidence quick the lazy claim data fox fox the evidence quick lazy over data ai fox dog verify fox evidence dog model.",SUPPORTED,{},"[{""input"": ""Claim: The quick brown fox jumps over the lazy dog. Context: A quick brown fox jumps over a lazy dog in the field."", ""label"": ""SUPPORTED""}, {""input"": ""Claim: The fox is blue according to the report. Context: The report states the fox is brown, not blue."", ""label"": ""NOT_SUPPORTED""}, {""input"": ""Claim: The data confirm the dog is lazy. Context: Multiple sources mention the dog is lazy and seldom moves."", ""label"": ""SUPPORTED""}]"
16,"Claim: Evidence data jumps ai over model over model data brown.
Context: Jumps ai data fox claim model evidence over ai model jumps dog dog fox over evidence evidence verify brown brown ai evidence verify dog.",SUPPORTED,{},"[{""input"": ""Claim: Fox jumps over dog evidence brown. Context: Evidence brown fox jumps over dog."", ""label"": ""SUPPORTED""}, {""input"": ""Claim: Ai model verify data fox. Context: Brown dog model data fox jumps over."", ""label"": ""NOT_SUPPORTED""}, {""input"": ""Claim: Evidence data verify brown ai. Context: Ai brown evidence data verify over model."", ""label"": ""SUPPORTED""}]"
91,"Claim: Evidence data model claim brown data lazy model claim claim.
Context: Brown lazy over dog fox verify evidence brown claim dog over model claim model ai evidence data the data quick claim quick quick the the verify.",SUPPORTED,{},"[{""input"": ""Claim: The quick brown fox jumps over the lazy dog. Context: The quick brown fox jumps over the lazy dog in the test sentence."", ""label"": ""SUPPORTED""}, {""input"": ""Claim: The fox is blue and the dog is agile. Context: The text states a brown fox and a lazy dog, with no mention of blue or agility."", ""label"": ""NOT_SUPPORTED""}, {""input"": ""Claim: The evidence-based data model verifies the claim. Context: Evidence and a data model are used to verify the claim in the report."", ""label"": ""SUPPORTED""}]"
89,"Claim: The dog lazy evidence ai verify fox lazy.
Context: Verify data over fox lazy lazy lazy dog evidence dog dog lazy dog over over over data lazy brown evidence ai fox fox fox.",SUPPORTED,{},"[{""input"": ""Claim: The fox is lazy. Context: The brown fox is lazy and jumps over the dog."", ""label"": ""SUPPORTED""}, {""input"": ""Claim: Data verify ai proves the dog is brown. Context: The data shows the dog is lazy; no evidence about color."", ""label"": ""NOT_SUPPORTED""}, {""input"": ""Claim: Evidence shows ai verified the dog jumped over the lazy fox. Context: Evidence states the dog jumped over the lazy fox, verified by ai."", ""label"": ""SUPPORTED""}]"
90,"Claim: Verify evidence data claim model over dog ai verify.
Context: Over data jumps fox lazy brown dog quick ai data dog jumps verify claim verify model lazy the fox fox over ai brown data lazy ai lazy brown dog the evidence fox lazy.",SUPPORTED,{},"[{""input"": ""Claim: The quick brown fox jumps over the lazy dog. Context: quick brown fox jumps over the lazy dog in data evidence."", ""label"": ""SUPPORTED""}, {""input"": ""Claim: AI model verifies the dog claim. Context: ai model verify claim about dog in data evidence."", ""label"": ""SUPPORTED""}, {""input"": ""Claim: The fox never jumps over any dog. Context: evidence shows the fox jumps over the lazy dog quick."", ""label"": ""NOT_SUPPORTED""}]"
20,"Claim: Over jumps verify ai over ai quick model verify fox brown data verify.
Context: Evidence brown verify lazy ai dog dog evidence claim jumps data quick ai lazy data over brown the verify over verify dog claim data over evidence lazy fox.",SUPPORTED,{},"[{""input"": ""Claim: The quick brown fox jumps over the lazy dog. Context: The context states a quick brown fox jumped over a lazy dog."", ""label"": ""SUPPORTED""}, {""input"": ""Claim: The model confirms there is no fox mentioned. Context: The passage describes a brown fox and a lazy dog."", ""label"": ""NOT_SUPPORTED""}, {""input"": ""Claim: Evidence verifies that data about the brown fox is included. Context: The context lists verified data on the brown fox and mentions its jump."", ""label"": ""SUPPORTED""}]"
7,"Claim: Data fox jumps dog brown dog verify brown evidence.
Context: Jumps brown fox data quick ai verify evidence evidence fox the lazy quick dog ai model fox evidence brown the lazy evidence jumps model lazy data model fox data over dog ai data brown jumps.",SUPPORTED,{},"[{""input"": ""Claim: The quick fox jumps over the lazy dog. Context: The text states the quick fox jumps over the lazy dog near the river."", ""label"": ""SUPPORTED""}, {""input"": ""Claim: The model reports two brown dogs sleeping. Context: The passage mentions one brown dog playing and a cat sleeping."", ""label"": ""NOT_SUPPORTED""}, {""input"": ""Claim: The dataset includes a brown fox. Context: The dataset description lists a brown fox and a gray wolf."", ""label"": ""SUPPORTED""}]"
4,"Claim: The verify evidence evidence fox lazy ai jumps.
Context: Model over quick over jumps brown quick jumps jumps dog dog fox brown jumps jumps model claim quick fox data jumps brown quick fox ai verify ai claim brown the model the ai ai claim fox the dog.",SUPPORTED,{},"[{""input"": ""Claim: The quick brown fox jumps over the lazy dog. Context: In the pangram, a quick brown fox jumps over a lazy dog."", ""label"": ""SUPPORTED""}, {""input"": ""Claim: Paris is the capital of Germany. Context: Berlin is the capital of Germany, while Paris is the capital of France."", ""label"": ""NOT_SUPPORTED""}, {""input"": ""Claim: Marie Curie won two Nobel Prizes. Context: Curie received Nobel Prizes in Physics (1903) and Chemistry (1911)."", ""label"": ""SUPPORTED""}]"
92,"Claim: Verify quick over over fox evidence brown fox jumps verify quick.
Context: Model over model verify dog dog over evidence brown jumps jumps quick claim ai brown brown brown lazy quick ai model lazy brown ai ai data dog evidence jumps evidence verify.",SUPPORTED,{},"[{""input"": ""Claim: The brown fox jumps over the lazy dog. Context: Evidence mentions a brown fox jumping over a lazy dog, verifying the claim."", ""label"": ""SUPPORTED""}, {""input"": ""Claim: The dog jumps over the fox. Context: Evidence describes a brown fox jumping over a lazy dog, not a dog over a fox."", ""label"": ""NOT_SUPPORTED""}, {""input"": ""Claim: The quick AI model verifies brown evidence. Context: The context states a quick AI model verifies brown evidence."", ""label"": ""SUPPORTED""}]"
39,"Claim: Verify brown lazy jumps the ai verify over.
Context: Data brown data quick lazy model data lazy lazy lazy fox data the model fox brown model model ai quick model model evidence lazy the over model fox brown model data dog data quick.",NOT_SUPPORTED,{},"[{""input"": ""Claim: The quick brown fox jumps over the lazy dog. Context: Record shows the quick brown fox jumps over the lazy dog."", ""label"": ""SUPPORTED""}, {""input"": ""Claim: The model identifies a red fox sleeping under a bridge. Context: Notes mention a brown fox and a lazy dog; no red fox or bridge is recorded."", ""label"": ""NOT_SUPPORTED""}, {""input"": ""Claim: AI model verifies the fox is brown and lazy. Context: Report states the AI model verifies the fox is brown and lazy."", ""label"": ""SUPPORTED""}]"
85,"Claim: Jumps ai jumps jumps verify model jumps quick claim quick lazy verify.
Context: Quick ai verify dog fox brown ai the dog dog quick quick fox the verify lazy brown quick claim evidence claim quick fox lazy model over.",NOT_SUPPORTED,{},"[{""input"": ""Claim: The brown fox jumps over the lazy dog. Context: A brown fox jumps over the lazy dog in the record."", ""label"": ""SUPPORTED""}, {""input"": ""Claim: The system verified the claim successfully. Context: The logs show the system crashed before any verification."", ""label"": ""NOT_SUPPORTED""}, {""input"": ""Claim: The quick model found evidence of a fox. Context: The model quickly found evidence that a fox was present."", ""label"": ""SUPPORTED""}]"
66,"Claim: Model fox fox verify over quick fox jumps brown lazy quick evidence.
Context: Data brown fox dog brown data jumps claim over the data quick ai jumps ai quick claim data model dog fox data dog jumps verify quick ai evidence model dog brown quick claim evidence over jumps the lazy.",NOT_SUPPORTED,{},"[{""input"": ""Claim: The red fox is a mammal. Context: Biology text states the red fox is a mammal found worldwide."", ""label"": ""SUPPORTED""}, {""input"": ""Claim: The Moon has oceans of liquid water. Context: Scientific sources say the Moon is airless and has no liquid water on its surface."", ""label"": ""NOT_SUPPORTED""}, {""input"": ""Claim: Paris is the capital of France. Context: An encyclopedia entry notes Paris serves as the capital city of France."", ""label"": ""SUPPORTED""}]"
2,"Claim: Verify lazy the evidence brown quick.
Context: Ai verify ai lazy lazy over brown lazy evidence ai fox evidence jumps quick over verify over model model model quick evidence the quick.",NOT_SUPPORTED,{},"[{""input"": ""Claim: The quick brown fox jumps over the lazy dog. Context: The context states a quick brown fox jumps over the lazy dog."", ""label"": ""SUPPORTED""}, {""input"": ""Claim: The model confirms the evidence is brown and quick. Context: The passage mentions models and evidence but never says the evidence is brown or quick."", ""label"": ""NOT_SUPPORTED""}, {""input"": ""Claim: The lazy dog jumps over the quick fox. Context: The text says the quick fox jumps over the lazy dog."", ""label"": ""NOT_SUPPORTED""}]"
68,"Claim: Quick the quick evidence claim dog fox model dog fox model.
Context: Data jumps quick claim verify evidence dog ai model verify model lazy model ai verify data lazy the model quick model verify claim data quick model quick quick claim fox over model data.",NOT_SUPPORTED,{},"[{""input"": ""Claim: The quick model verifies the fox claim. Context: Data shows the model verifies the fox claim."", ""label"": ""SUPPORTED""}, {""input"": ""Claim: The dog runs faster than the fox. Context: Records state the dog is slower than the fox."", ""label"": ""NOT_SUPPORTED""}, {""input"": ""Claim: The AI logs evidence twice. Context: Logs show the AI records evidence twice."", ""label"": ""SUPPORTED""}]"
87,"Claim: Verify dog quick verify fox model.
Context: Jumps ai brown brown ai over the quick data quick lazy ai ai the model evidence brown evidence over over the brown quick data fox the lazy the model the verify lazy claim model quick verify.",SUPPORTED,{},"[{""input"": ""Claim: The quick brown fox jumps over the lazy dog. Context: A quick brown fox jumps over the lazy dog in the field."", ""label"": ""SUPPORTED""}, {""input"": ""Claim: Dogs cannot bark. Context: Dogs bark loudly at night."", ""label"": ""NOT_SUPPORTED""}, {""input"": ""Claim: Water boils at 100\u00b0C at sea level. Context: At sea level, water's boiling point is 100\u00b0C."", ""label"": ""SUPPORTED""}]"
43,"Claim: Jumps evidence dog over claim dog evidence jumps model jumps model.
Context: Claim brown brown ai jumps the fox over model over evidence jumps jumps evidence brown model data jumps dog evidence dog.",NOT_SUPPORTED,{},"[{""input"": ""Claim: The brown fox jumps over the lazy dog. Context: A brown fox quickly jumps over a lazy dog."", ""label"": ""SUPPORTED""}, {""input"": ""Claim: The model says the dog never jumps. Context: Test data shows the dog jumps often during trials."", ""label"": ""NOT_SUPPORTED""}, {""input"": ""Claim: Evidence shows the model outputs are reproducible. Context: Evidence indicates the model outputs are reproducible across runs."", ""label"": ""SUPPORTED""}]"
81,"Claim: Model model evidence ai ai lazy claim ai data fox jumps over brown dog.
Context: Jumps data lazy lazy lazy lazy quick dog the dog quick over ai dog model lazy jumps dog claim claim jumps claim data evidence the ai.",SUPPORTED,{},"[{""input"": ""Claim: The quick fox jumps over the brown dog. Context: The quick fox jumps over the brown dog by the log."", ""label"": ""SUPPORTED""}, {""input"": ""Claim: The model says the cat sleeps all day. Context: The text talks about dogs running and foxes jumping, not cats sleeping."", ""label"": ""NOT_SUPPORTED""}, {""input"": ""Claim: Evidence shows the ai model is lazy. Context: The evidence states the ai model is lazy and slow."", ""label"": ""SUPPORTED""}]"
15,"Claim: Lazy evidence quick lazy brown claim the.
Context: Ai evidence quick brown fox dog verify quick the lazy dog brown data claim ai dog brown evidence verify ai lazy lazy the jumps quick.",NOT_SUPPORTED,{},"[{""input"": ""Claim: The quick brown fox jumps over the lazy dog. Context: A quick brown fox jumps over a lazy dog in the field."", ""label"": ""SUPPORTED""}, {""input"": ""Claim: Mercury is the largest planet in our solar system. Context: Jupiter is the largest planet in the solar system, while Mercury is the smallest."", ""label"": ""NOT_SUPPORTED""}, {""input"": ""Claim: Water boils at 100\u00b0C at sea level. Context: At sea level pressure, water boils at 100 degrees Celsius."", ""label"": ""SUPPORTED""}]"
82,"Claim: Quick jumps model evidence model ai brown data over.
Context: Ai the the jumps lazy fox over ai the verify verify data verify lazy evidence ai ai verify brown ai over.",SUPPORTED,{},"[{""input"": ""Claim: The quick brown fox jumps over the lazy dog. Context: The text states the quick brown fox jumps over the lazy dog."", ""label"": ""SUPPORTED""}, {""input"": ""Claim: The report proves that all data is verified by AI. Context: The report says AI assists analysis but does not claim all data is verified."", ""label"": ""NOT_SUPPORTED""}, {""input"": ""Claim: Blue whales are the largest animals on Earth. Context: Scientists agree that blue whales are the largest animals alive."", ""label"": ""SUPPORTED""}]"
98,"Claim: Jumps evidence data model verify verify the dog brown ai the quick brown.
Context: Jumps brown ai model fox evidence quick evidence claim quick fox brown verify over claim fox brown lazy data verify model jumps model lazy ai data.",NOT_SUPPORTED,{},"[{""input"": ""Claim: The quick brown fox jumps over the lazy dog. Context: Evidence confirms the quick brown fox jumps over the lazy dog."", ""label"": ""SUPPORTED""}, {""input"": ""Claim: The model verifies the dog jumps over the fox. Context: Evidence shows the fox jumps over the dog, not the dog over the fox."", ""label"": ""NOT_SUPPORTED""}, {""input"": ""Claim: The ai model verifies quick brown evidence data. Context: The ai model verifies quick brown evidence data."", ""label"": ""SUPPORTED""}]"
65,"Claim: Jumps the lazy jumps lazy ai lazy dog dog.
Context: Brown evidence jumps the quick jumps evidence ai data jumps fox evidence model model quick the claim lazy brown brown dog verify brown claim claim fox lazy claim brown data.",NOT_SUPPORTED,{},"[{""input"": ""Claim: The quick fox jumps over the lazy dog. Context: The context states the quick fox jumps over the lazy dog."", ""label"": ""SUPPORTED""}, {""input"": ""Claim: AI model is accurate and fast. Context: The passage mentions AI models and data but not their accuracy or speed."", ""label"": ""NOT_SUPPORTED""}, {""input"": ""Claim: Brown evidence verifies the lazy dog claim. Context: Brown evidence in the text verifies the lazy dog claim."", ""label"": ""SUPPORTED""}]"
32,"Claim: Ai over claim dog evidence over verify ai over quick claim brown lazy.
Context: Claim lazy verify data quick brown the over evidence model jumps fox ai verify model evidence verify dog lazy the dog jumps the quick verify dog dog over the model data over jumps lazy over data jumps.",SUPPORTED,{},"[{""input"": ""Claim: The quick brown fox jumps over the lazy dog. Context: A quick brown fox jumps over a lazy dog in the sentence."", ""label"": ""SUPPORTED""}, {""input"": ""Claim: The lazy dog jumps over the fox. Context: A quick brown fox jumps over a lazy dog."", ""label"": ""NOT_SUPPORTED""}, {""input"": ""Claim: The model verifies the data. Context: The model verifies data quickly."", ""label"": ""SUPPORTED""}]"
60,"Claim: Quick the over fox quick lazy quick quick.
Context: Dog lazy verify ai dog brown verify model claim data the jumps dog dog jumps brown over data ai over model data evidence quick dog dog evidence verify verify model fox brown fox ai brown.",SUPPORTED,{},"[{""input"": ""Claim: The cat sat on the mat. Context: A cat is sitting on a mat by the door."", ""label"": ""SUPPORTED""}, {""input"": ""Claim: Paris is the capital of Germany. Context: Berlin is the capital of Germany."", ""label"": ""NOT_SUPPORTED""}, {""input"": ""Claim: The experiment used 50 samples. Context: The study reports using fifty samples for testing."", ""label"": ""SUPPORTED""}]"
34,"Claim: Quick over over the brown model.
Context: Claim quick lazy ai evidence quick over data evidence jumps lazy lazy the brown evidence jumps evidence data evidence quick verify lazy quick claim fox model jumps jumps model ai ai verify claim fox evidence claim the over model dog.",SUPPORTED,{},"[{""input"": ""Claim: The quick fox jumps over the dog. Context: The context states the quick fox jumps over the lazy dog."", ""label"": ""SUPPORTED""}, {""input"": ""Claim: The brown dog flies over the fox. Context: The context only mentions the dog running and the fox jumping; it says nothing about flying."", ""label"": ""NOT_SUPPORTED""}, {""input"": ""Claim: The model verifies the claim. Context: The passage says the model verifies the claim with evidence."", ""label"": ""SUPPORTED""}]"
73,"Claim: Verify evidence fox fox fox dog data claim fox.
Context: The jumps fox the verify model dog verify dog lazy ai ai model fox lazy brown verify ai model lazy data model lazy evidence.",NOT_SUPPORTED,{},"[{""input"": ""Claim: The text says a brown fox jumps over a lazy dog. Context: The brown fox jumps over the lazy dog and the model verifies fox and dog."", ""label"": ""SUPPORTED""}, {""input"": ""Claim: There is no mention of any dog in the context. Context: The verify model repeats lazy dog and dog data with fox."", ""label"": ""NOT_SUPPORTED""}, {""input"": ""Claim: Fox data is cited while 'brown' is not mentioned. Context: The ai verify model lists fox data and lazy dog, with no brown anywhere."", ""label"": ""SUPPORTED""}]"
44,"Claim: Evidence claim evidence brown brown model jumps verify.
Context: Jumps data fox the verify fox model jumps brown model the jumps over evidence ai evidence verify ai lazy dog model brown over data brown model verify ai over ai over lazy.",NOT_SUPPORTED,{},"[{""input"": ""Claim: The brown model jumps over the lazy dog. Context: Logs show the brown model jumps over the lazy dog in tests."", ""label"": ""SUPPORTED""}, {""input"": ""Claim: The fox model never jumps. Context: Reports state the fox model jumps over barriers and runs fast."", ""label"": ""NOT_SUPPORTED""}, {""input"": ""Claim: Evidence verifies the fox jumps over the dog. Context: Evidence records say the fox jumps over the lazy dog and the brown model follows."", ""label"": ""SUPPORTED""}]"
14,"Claim: Quick brown lazy model verify dog ai evidence verify.
Context: Claim fox the claim dog jumps lazy jumps evidence over verify brown the over evidence model model lazy verify the jumps evidence fox claim ai claim dog ai dog over data fox over dog evidence dog ai ai.",SUPPORTED,{},"[{""input"": ""Claim: The quick fox jumps over the lazy dog. Context: The quick fox jumps over the lazy dog in the yard."", ""label"": ""SUPPORTED""}, {""input"": ""Claim: The brown model failed verification. Context: The model passed verification with clear evidence."", ""label"": ""NOT_SUPPORTED""}, {""input"": ""Claim: Evidence shows AI verified the data. Context: The report states AI verified the data with evidence."", ""label"": ""SUPPORTED""}]"
46,"Claim: Over data the lazy data quick over ai quick.
Context: Ai ai verify evidence ai verify quick claim the dog model ai fox fox jumps claim evidence brown evidence data verify fox fox evidence evidence dog brown the.",NOT_SUPPORTED,{},"[{""input"": ""Claim: The quick brown fox jumps over the lazy dog. Context: The passage says a quick brown fox leaps over a lazy dog."", ""label"": ""SUPPORTED""}, {""input"": ""Claim: The ai model verified the claim instantly. Context: The report says the model failed to verify the claim."", ""label"": ""NOT_SUPPORTED""}, {""input"": ""Claim: The dog in the example is brown. Context: The context states the dog is brown."", ""label"": ""SUPPORTED""}]"
35,"Claim: Jumps evidence evidence claim brown jumps ai data the model lazy brown.
Context: Jumps the lazy fox the claim lazy data brown jumps jumps dog model claim data over quick fox fox the evidence over fox quick model jumps evidence evidence model.",NOT_SUPPORTED,{},"[{""input"": ""Claim: The quick brown fox jumps over the lazy dog. Context: The text says a quick brown fox jumps over a lazy dog."", ""label"": ""SUPPORTED""}, {""input"": ""Claim: The model achieved 100% accuracy on all datasets. Context: The article mentions several errors and an accuracy of 92%."", ""label"": ""NOT_SUPPORTED""}, {""input"": ""Claim: Paris is the capital of France. Context: The passage states that France's capital is Paris."", ""label"": ""SUPPORTED""}]"
64,"Claim: Brown lazy verify ai fox brown verify data fox claim the fox evidence evidence.
Context: Ai model claim brown model verify ai ai the claim ai over ai fox evidence ai brown over brown quick data brown data data verify model fox verify claim evidence brown.",NOT_SUPPORTED,{},"[{""input"": ""Claim: Brown fox verifies the claim with quick brown data. Context: Quick brown data from the ai model verifies the fox claim."", ""label"": ""SUPPORTED""}, {""input"": ""Claim: The fox claim is not verified by any brown data. Context: Brown data from the ai model verifies the fox claim with clear evidence."", ""label"": ""NOT_SUPPORTED""}, {""input"": ""Claim: Ai model over brown data verify the fox claim. Context: Ai model verifies the fox claim using brown data and matching evidence."", ""label"": ""SUPPORTED""}]"
10,"Claim: Claim lazy quick claim evidence over.
Context: Claim claim ai quick data the ai fox over ai fox brown verify ai lazy verify evidence fox jumps claim brown over over lazy fox ai evidence fox the the verify.",SUPPORTED,{},"[{""input"": ""Claim: The fox jumps over the lazy dog. Context: The quick brown fox jumps over the lazy dog."", ""label"": ""SUPPORTED""}, {""input"": ""Claim: The lazy dog jumps over the fox. Context: The quick brown fox jumps over the lazy dog."", ""label"": ""NOT_SUPPORTED""}, {""input"": ""Claim: AI verifies the claim using evidence. Context: The context states that AI verifies the claim using evidence."", ""label"": ""SUPPORTED""}]"
70,"Claim: Over verify data over over fox jumps dog claim the.
Context: Dog evidence data jumps claim claim brown fox ai claim verify ai data over evidence lazy claim over claim verify brown verify dog verify quick over over model ai evidence.",SUPPORTED,{},"[{""input"": ""Claim: The brown fox jumps over the lazy dog. Context: Evidence states a brown fox jumps over a lazy dog during a quick test."", ""label"": ""SUPPORTED""}, {""input"": ""Claim: No evidence shows the fox jumps. Context: The context reports the fox jumps over the dog multiple times."", ""label"": ""NOT_SUPPORTED""}, {""input"": ""Claim: AI verifies data about the quick brown fox. Context: The context notes AI verify data on the quick brown fox and related evidence."", ""label"": ""SUPPORTED""}]"
31,"Claim: Lazy data verify dog the jumps lazy brown brown lazy.
Context: Verify quick dog claim quick over data evidence quick data verify lazy claim claim the brown over brown model ai lazy data dog the dog data data lazy lazy claim the jumps lazy jumps evidence data.",SUPPORTED,{},"[{""input"": ""Claim: The quick brown fox jumps over the lazy dog. Context: The text says the quick brown fox jumps over the lazy dog, confirming the jump."", ""label"": ""SUPPORTED""}, {""input"": ""Claim: The cat sits on the mat. Context: The passage only mentions a dog and a fox jumping, with no cat or mat referenced."", ""label"": ""NOT_SUPPORTED""}, {""input"": ""Claim: Data verify the model is accurate. Context: The evidence states the data verify the model's accuracy and support the claim."", ""label"": ""SUPPORTED""}]"
74,"Claim: Claim claim jumps lazy over over fox over ai over quick.
Context: Over verify verify evidence fox claim ai model brown quick claim ai evidence dog ai over quick claim verify model fox evidence over evidence.",SUPPORTED,{},"[{""input"": ""Claim: The Eiffel Tower is in Paris. Context: Paris is home to the Eiffel Tower."", ""label"": ""SUPPORTED""}, {""input"": ""Claim: Water boils at 80 C at sea level. Context: At sea level, pure water boils at 100 C."", ""label"": ""NOT_SUPPORTED""}, {""input"": ""Claim: Ada Lovelace wrote notes on the Analytical Engine. Context: Her notes on the Analytical Engine included an algorithm."", ""label"": ""SUPPORTED""}]"
12,"Claim: Evidence model claim lazy fox verify model.
Context: Claim over lazy ai evidence the jumps jumps dog fox quick jumps data model dog lazy jumps lazy quick fox lazy ai jumps dog jumps evidence ai ai fox.",NOT_SUPPORTED,{},"[{""input"": ""Claim: The quick fox jumps over the lazy dog twice. Context: The text states the quick fox jumps over the lazy dog twice."", ""label"": ""SUPPORTED""}, {""input"": ""Claim: The model contains no mention of any fox. Context: The context repeatedly mentions a quick fox that jumps over a dog."", ""label"": ""NOT_SUPPORTED""}, {""input"": ""Claim: Evidence confirms the model verifies the lazy fox. Context: Evidence and the model both say the lazy fox is verified."", ""label"": ""SUPPORTED""}]"
83,"Claim: Quick dog brown fox evidence over quick evidence fox.
Context: Fox model data model the the lazy fox evidence quick jumps the fox data verify verify over brown lazy verify fox over verify lazy the brown brown model fox model data jumps lazy data model.",NOT_SUPPORTED,{},"[{""input"": ""Claim: Quick fox jumps over lazy dog. Context: Data shows quick fox jumps over lazy dog."", ""label"": ""SUPPORTED""}, {""input"": ""Claim: Brown dog verifies the fox evidence. Context: Context notes only quick fox jumps over lazy dog, not verification by a brown dog."", ""label"": ""NOT_SUPPORTED""}, {""input"": ""Claim: Model evidence verifies the brown fox data. Context: Model evidence verifies the brown fox data."", ""label"": ""SUPPORTED""}]"
67,"Claim: Data dog lazy model brown evidence evidence.
Context: Claim jumps fox ai quick quick evidence model model verify over fox verify verify data dog verify evidence lazy lazy the data quick verify claim jumps verify evidence evidence jumps jumps data ai over lazy.",NOT_SUPPORTED,{},"[{""input"": ""Claim: The quick brown fox jumps over the lazy dog. Context: The sentence states that a quick brown fox jumps over a lazy dog."", ""label"": ""SUPPORTED""}, {""input"": ""Claim: The Eiffel Tower is located in Berlin. Context: The Eiffel Tower stands in Paris, France."", ""label"": ""NOT_SUPPORTED""}, {""input"": ""Claim: Bees are insects. Context: Bees are classified as insects within the order Hymenoptera."", ""label"": ""SUPPORTED""}]"
55,"Claim: Verify fox model data claim over ai dog data data.
Context: Claim verify model over evidence verify model brown fox claim brown fox jumps brown quick the ai model verify the claim brown ai over quick over.",NOT_SUPPORTED,{},"[{""input"": ""Claim: The brown fox jumps quickly over the dog. Context: Evidence states the brown fox jumps quickly over the dog in the model report."", ""label"": ""SUPPORTED""}, {""input"": ""Claim: The AI dog model proves the fox is slow. Context: The report says the fox is quick and jumps over; it gives no proof of slowness."", ""label"": ""NOT_SUPPORTED""}, {""input"": ""Claim: The model confirms a brown fox jumps over a log. Context: Summary notes the brown fox jumps over a log."", ""label"": ""SUPPORTED""}]"
30,"Claim: Ai quick over dog data evidence model the fox model brown claim.
Context: Over over over ai verify the model model claim lazy quick data fox brown dog fox the fox jumps lazy quick over lazy data brown lazy brown.",NOT_SUPPORTED,{},"[{""input"": ""Claim: The brown fox jumps over the lazy dog. Context: Data evidence in the model says the brown fox jumps over the lazy dog."", ""label"": ""SUPPORTED""}, {""input"": ""Claim: The quick dog jumps over the brown fox. Context: Evidence says the fox jumps over the lazy dog, not a dog over a fox."", ""label"": ""NOT_SUPPORTED""}, {""input"": ""Claim: AI model verifies the claim about a quick brown fox. Context: Ai data evidence verifies the model claim about the quick brown fox jumping over a lazy dog."", ""label"": ""SUPPORTED""}]"
25,"Claim: Brown model over lazy fox verify fox jumps fox brown.
Context: Jumps evidence dog jumps quick dog over model over over claim data ai dog verify data data verify brown the verify model lazy brown ai model fox evidence lazy.",NOT_SUPPORTED,{},"[{""input"": ""Claim: Quick brown fox jumps over lazy dog. Context: Evidence says the quick brown fox jumps over the lazy dog; data verify the jump."", ""label"": ""SUPPORTED""}, {""input"": ""Claim: The dog does not jump over the fox. Context: Evidence shows the dog jumps over the fox; reports verify multiple jumps."", ""label"": ""NOT_SUPPORTED""}, {""input"": ""Claim: The ai model verifies the brown fox claim. Context: Data and evidence confirm the ai model verify the brown fox claim."", ""label"": ""SUPPORTED""}]"
1,"Claim: Fox claim lazy data model data brown model jumps claim jumps over over quick.
Context: Lazy lazy ai brown model dog data claim fox brown dog the brown quick lazy jumps claim ai evidence dog evidence quick.",SUPPORTED,{},"[{""input"": ""Claim: Quick brown fox jumps over the lazy dog. Context: Evidence shows the quick brown fox jumps over the lazy dog."", ""label"": ""SUPPORTED""}, {""input"": ""Claim: The lazy dog outruns the quick fox. Context: The lazy dog sleeps while the quick fox sprints past."", ""label"": ""NOT_SUPPORTED""}, {""input"": ""Claim: AI data model marks the brown dog as lazy. Context: The AI data model evidence labels the brown dog as lazy."", ""label"": ""SUPPORTED""}]"
6,"Claim: Ai over jumps dog data evidence ai data.
Context: Evidence evidence over the lazy quick evidence claim ai over fox verify ai data verify data the data data the fox brown.",NOT_SUPPORTED,{},"[{""input"": ""Claim: The Eiffel Tower is in Paris. Context: The Eiffel Tower stands in Paris, France."", ""label"": ""SUPPORTED""}, {""input"": ""Claim: Water boils at 110\u00b0C at sea level. Context: At sea level, water boils at 100\u00b0C."", ""label"": ""NOT_SUPPORTED""}, {""input"": ""Claim: Mars is known as the Red Planet. Context: Astronomers call Mars the Red Planet because of its color."", ""label"": ""SUPPORTED""}]"
13,"Claim: Dog evidence lazy over claim ai.
Context: Dog fox model the lazy claim fox dog over dog model quick data jumps over brown claim data quick quick ai brown fox.",NOT_SUPPORTED,{},"[{""input"": ""Claim: The quick brown fox jumps over the lazy dog. Context: The quick brown fox jumps over the lazy dog."", ""label"": ""SUPPORTED""}, {""input"": ""Claim: The lazy dog jumps over the quick brown fox. Context: The quick brown fox jumps over the lazy dog."", ""label"": ""NOT_SUPPORTED""}, {""input"": ""Claim: Brown fox model supports quick ai data. Context: The brown fox model reports quick ai data."", ""label"": ""SUPPORTED""}]"
56,"Claim: Data fox fox jumps brown lazy jumps fox fox.
Context: The brown dog quick verify lazy the dog verify evidence verify evidence fox lazy the dog dog lazy fox fox claim lazy model verify quick quick brown ai model evidence ai.",SUPPORTED,{},"[{""input"": ""Claim: Quick brown fox jumps over the lazy dog. Context: Evidence shows the quick brown fox jumps over the lazy dog; the model verifies the jump."", ""label"": ""SUPPORTED""}, {""input"": ""Claim: The lazy dog outruns the quick fox. Context: The text notes the dog is lazy and slow while the fox is quick; no evidence of outrunning."", ""label"": ""NOT_SUPPORTED""}, {""input"": ""Claim: Two foxes are lazy. Context: The context lists two lazy foxes; evidence and the model verify this."", ""label"": ""SUPPORTED""}]"
37,"Claim: Model model brown model over model lazy lazy.
Context: Claim jumps ai evidence dog fox lazy ai brown lazy model verify quick quick lazy fox fox quick model jumps.",SUPPORTED,{},"[{""input"": ""Claim: The quick brown fox jumps over the lazy dog. Context: A quick brown fox leaped over a lazy dog in the yard."", ""label"": ""SUPPORTED""}, {""input"": ""Claim: The capital of France is Berlin. Context: Paris is the capital city of France."", ""label"": ""NOT_SUPPORTED""}, {""input"": ""Claim: Water boils at 100\u00b0C at sea level. Context: At sea level, pure water reaches its boiling point at one hundred degrees Celsius."", ""label"": ""SUPPORTED""}]"
9,"Claim: The jumps jumps ai fox verify claim lazy the.
Context: Claim over jumps data over lazy lazy claim dog lazy lazy jumps the jumps dog evidence fox over data verify the jumps dog lazy fox model brown ai fox claim data quick model model over brown model.",SUPPORTED,{},"[{""input"": ""Claim: The quick brown fox jumps over the lazy dog. Context: The brown fox quickly jumps over the lazy dog."", ""label"": ""SUPPORTED""}, {""input"": ""Claim: The lazy dog jumps over the quick fox. Context: The quick fox jumps over the lazy dog."", ""label"": ""NOT_SUPPORTED""}, {""input"": ""Claim: The AI model uses data to verify the claim about the fox. Context: The ai model verifies the fox claim using data."", ""label"": ""SUPPORTED""}]"
11,"Claim: Quick ai lazy claim dog the brown jumps jumps the fox data claim evidence.
Context: The jumps evidence quick verify claim lazy data lazy brown verify evidence jumps verify quick quick quick ai evidence evidence claim evidence lazy the the evidence verify.",SUPPORTED,{},"[{""input"": ""Claim: The quick brown fox jumps over the lazy dog. Context: The report states the quick brown fox jumps over the lazy dog."", ""label"": ""SUPPORTED""}, {""input"": ""Claim: A blue whale can fly above clouds. Context: Records note whales swim in oceans and do not fly."", ""label"": ""NOT_SUPPORTED""}, {""input"": ""Claim: Data shows the AI verifies evidence quickly. Context: Notes confirm the AI verifies evidence quickly using data."", ""label"": ""SUPPORTED""}]"
42,"Claim: Data data dog lazy claim quick quick brown verify jumps claim verify model claim.
Context: Evidence brown over lazy data over brown fox claim dog fox jumps quick over data evidence quick dog evidence dog claim fox claim.",NOT_SUPPORTED,{},"[{""input"": ""Claim: The quick brown fox jumps over the lazy dog. Context: The context states the quick brown fox jumps over the lazy dog."", ""label"": ""SUPPORTED""}, {""input"": ""Claim: The lazy dog outruns the quick brown fox. Context: The context says the quick brown fox jumps over the lazy dog."", ""label"": ""NOT_SUPPORTED""}, {""input"": ""Claim: The sentence mentions both a fox and a dog. Context: The passage mentions a quick brown fox and a lazy dog."", ""label"": ""SUPPORTED""}]"
80,"Claim: Quick over data brown model ai brown quick dog fox.
Context: Brown model over dog data ai verify lazy claim dog quick data ai quick over fox over brown fox verify dog fox claim lazy the over the dog claim verify data evidence claim verify model quick verify ai quick.",NOT_SUPPORTED,{},"[{""input"": ""Claim: Quick fox over lazy dog is verified by the model. Context: Model verify quick fox over lazy dog; data evidence support the claim."", ""label"": ""SUPPORTED""}, {""input"": ""Claim: AI model proves the dog jumps over the quick fox. Context: Data show the quick brown fox jumps over the lazy dog; no evidence of dog over fox."", ""label"": ""NOT_SUPPORTED""}, {""input"": ""Claim: Brown model uses data to verify the quick ai claim. Context: Brown model over data verify quick ai claim; model quick verify claim."", ""label"": ""SUPPORTED""}]"
50,"Claim: Brown jumps over evidence over verify evidence over dog jumps lazy.
Context: Lazy claim lazy the claim lazy the lazy over data claim brown dog claim jumps the verify evidence fox fox data evidence jumps jumps verify over the over lazy claim lazy over ai ai evidence fox claim fox.",NOT_SUPPORTED,{},"[{""input"": ""Claim: The quick brown fox jumps over the lazy dog. Context: The quick brown fox jumps over the lazy dog."", ""label"": ""SUPPORTED""}, {""input"": ""Claim: The dog chased the fox. Context: The fox chased the dog."", ""label"": ""NOT_SUPPORTED""}, {""input"": ""Claim: Evidence shows the fox is lazy. Context: Evidence shows the fox is lazy."", ""label"": ""SUPPORTED""}]"
27,"Claim: Over jumps brown dog ai brown claim the.
Context: Claim model dog model model evidence lazy evidence lazy dog verify fox jumps evidence over model over dog data lazy jumps the fox claim ai quick lazy lazy claim jumps model lazy model the.",SUPPORTED,{},"[{""input"": ""Claim: The fox jumps over the lazy dog. Context: The report says the fox jumped over a lazy dog."", ""label"": ""SUPPORTED""}, {""input"": ""Claim: The device runs on solar power. Context: The manual says it is battery-only with no solar option."", ""label"": ""NOT_SUPPORTED""}, {""input"": ""Claim: The study used 50 participants. Context: The methods section lists a sample size of 50 participants."", ""label"": ""SUPPORTED""}]"
0,"Claim: Ai dog over jumps fox verify model jumps fox over fox claim claim over.
Context: Dog over evidence quick evidence fox dog evidence lazy over quick over ai ai quick over data dog model fox dog claim lazy fox model verify verify.",SUPPORTED,{},"[{""input"": ""Claim: The dog jumps over the fox. Context: The context says the dog quickly jumps over the fox."", ""label"": ""SUPPORTED""}, {""input"": ""Claim: The lazy fox jumps over the dog. Context: The context says the lazy fox sleeps and does not jump over the dog."", ""label"": ""NOT_SUPPORTED""}, {""input"": ""Claim: The AI model verifies the fox claim. Context: The context states the AI model verifies the fox claim with data."", ""label"": ""SUPPORTED""}]"
23,"Claim: Model evidence over ai the data lazy lazy.
Context: Quick fox verify claim ai brown evidence jumps quick brown dog the jumps model fox evidence ai lazy brown data evidence.",SUPPORTED,{},"[{""input"": ""Claim: The quick brown fox jumps over the lazy dog. Context: The quick brown fox jumps over the lazy dog in the park."", ""label"": ""SUPPORTED""}, {""input"": ""Claim: Paris is the capital of Germany. Context: Berlin is the capital of Germany, while Paris is the capital of France."", ""label"": ""NOT_SUPPORTED""}, {""input"": ""Claim: Mars has two moons. Context: Astronomers confirm Mars has two moons, Phobos and Deimos."", ""label"": ""SUPPORTED""}]"
76,"Claim: Claim ai data model over verify the model.
Context: Evidence claim over model quick claim quick model quick ai lazy evidence brown evidence fox fox model claim claim brown verify.",SUPPORTED,{},"[{""input"": ""Claim: The quick brown fox jumped over the lazy dog. Context: Eyewitnesses reported the quick brown fox leaped over a sleeping dog in the park."", ""label"": ""SUPPORTED""}, {""input"": ""Claim: The dataset contains 1,000 labeled images. Context: The release notes state there are 750 unlabeled images and only 100 labeled samples."", ""label"": ""NOT_SUPPORTED""}, {""input"": ""Claim: The model was verified using cross-validation. Context: The documentation confirms evaluation with 10-fold cross-validation."", ""label"": ""SUPPORTED""}]"
99,"Claim: Lazy jumps verify over evidence fox ai the data.
Context: Jumps claim brown quick the quick dog over evidence the model claim verify lazy quick data claim evidence dog the evidence data quick over model claim over evidence.",SUPPORTED,{},"[{""input"": ""Claim: Quick brown fox jumps over lazy dog. Context: The quick brown fox jumps over the lazy dog."", ""label"": ""SUPPORTED""}, {""input"": ""Claim: Evidence says the dog outruns the fox. Context: The context states the fox outruns the dog."", ""label"": ""NOT_SUPPORTED""}, {""input"": ""Claim: Model verifies the claim with data evidence. Context: The model verifies the claim using data evidence."", ""label"": ""SUPPORTED""}]"
48,"Claim: Jumps claim lazy model jumps dog.
Context: Brown over ai dog ai jumps data jumps jumps verify ai fox over jumps data ai ai jumps data dog quick claim brown dog the over ai dog dog brown brown quick claim lazy data jumps quick verify dog over.",SUPPORTED,{},"[{""input"": ""Claim: The quick brown fox jumps over the lazy dog. Context: A quick brown fox jumps over a lazy dog."", ""label"": ""SUPPORTED""}, {""input"": ""Claim: The Eiffel Tower is in London. Context: The Eiffel Tower is a landmark located in Paris, France."", ""label"": ""NOT_SUPPORTED""}, {""input"": ""Claim: Water boils at 100\u00b0C at sea level. Context: At sea level (1 atm), water boils at 100\u00b0C."", ""label"": ""SUPPORTED""}]"
88,"Claim: Model ai quick the data verify.
Context: Model data lazy jumps data model lazy dog evidence fox data dog model jumps over data dog dog brown dog ai over fox brown jumps data evidence brown lazy jumps brown over evidence the lazy.",NOT_SUPPORTED,{},"[{""input"": ""Claim: The brown fox jumps over the lazy dog. Context: A brown fox swiftly jumps over the lazy dog."", ""label"": ""SUPPORTED""}, {""input"": ""Claim: The fast fox sleeps under the active dog. Context: A brown fox jumps over a lazy dog; no one sleeps and the dog is lazy."", ""label"": ""NOT_SUPPORTED""}, {""input"": ""Claim: AI model quickly verifies data. Context: The ai model verifies the data quickly with evidence."", ""label"": ""SUPPORTED""}]"
17,"Claim: Lazy brown brown dog quick the jumps evidence fox fox evidence.
Context: Ai dog over quick the model dog model brown quick over data ai fox over data the fox jumps jumps verify verify lazy.",NOT_SUPPORTED,{},"[{""input"": ""Claim: The Eiffel Tower is located in Paris. Context: The Eiffel Tower stands in Paris, France."", ""label"": ""SUPPORTED""}, {""input"": ""Claim: Water boils at 50\u00b0C at sea level. Context: At sea level, water boils at 100\u00b0C."", ""label"": ""NOT_SUPPORTED""}, {""input"": ""Claim: The Amazon is the largest rainforest on Earth. Context: Scientists agree the Amazon rainforest is the largest tropical rainforest on the planet."", ""label"": ""SUPPORTED""}]"
3,"Claim: Lazy data dog evidence verify lazy jumps claim dog evidence brown evidence brown.
Context: Verify ai quick brown the model model over data data dog lazy over dog brown ai evidence model jumps claim quick fox jumps dog over the model ai ai model ai verify lazy jumps over lazy over claim.",SUPPORTED,{},"[{""input"": ""Claim: Quick brown fox jumps over the lazy dog. Context: Evidence states the quick brown fox jumps over the lazy dog in the model."", ""label"": ""SUPPORTED""}, {""input"": ""Claim: AI model verifies the lazy dog never jumps. Context: Reports show lazy dog jumps often and the quick fox jumps too."", ""label"": ""NOT_SUPPORTED""}, {""input"": ""Claim: The model lists brown evidence twice. Context: Data shows brown evidence brown within the ai model."", ""label"": ""SUPPORTED""}]"
53,"Claim: Fox data evidence jumps jumps model evidence the brown quick data.
Context: Lazy lazy claim dog claim the verify ai the ai over the model lazy the ai verify claim over claim ai dog jumps model over data quick evidence quick model quick ai claim.",SUPPORTED,{},"[{""input"": ""Claim: Quick fox jumps over the lazy dog model. Context: The report states the quick fox jumps over the lazy dog model exactly as claimed."", ""label"": ""SUPPORTED""}, {""input"": ""Claim: Data model proves the brown fox sleeps. Context: Records say the brown fox runs and jumps; there is no evidence it sleeps proven by the data model."", ""label"": ""NOT_SUPPORTED""}, {""input"": ""Claim: AI verifies evidence of a quick data claim. Context: Logs show the ai verify evidence supporting the quick data claim."", ""label"": ""SUPPORTED""}]"
49,"Claim: Claim quick claim fox fox jumps ai jumps over.
Context: Dog quick data jumps model fox model data brown over brown fox claim lazy claim brown verify brown model data brown over ai dog data model claim lazy claim evidence jumps fox jumps dog verify verify.",NOT_SUPPORTED,{},"[{""input"": ""Claim: The quick brown fox jumps over the lazy dog. Context: The text says a quick brown fox jumps over a lazy dog."", ""label"": ""SUPPORTED""}, {""input"": ""Claim: The model proves the claim is true. Context: The model states there is not enough evidence to support the claim."", ""label"": ""NOT_SUPPORTED""}, {""input"": ""Claim: Data shows the dog is lazy. Context: The passage describes the dog as lazy."", ""label"": ""SUPPORTED""}]"
18,"Claim: Model claim lazy jumps ai ai data data fox quick model.
Context: Quick evidence fox jumps brown jumps model quick brown claim ai model data claim lazy over model claim verify model model jumps claim evidence.",NOT_SUPPORTED,{},"[{""input"": ""Claim: Quick fox jumps over lazy model data. Context: Evidence says the quick fox jumps over the lazy model with ai data."", ""label"": ""SUPPORTED""}, {""input"": ""Claim: Brown model never jumps over any fox. Context: Text states the brown model jumps over a fox quickly."", ""label"": ""NOT_SUPPORTED""}, {""input"": ""Claim: Ai ai data data supports the quick model claim. Context: Evidence repeats ai ai and data data to support the quick model claim."", ""label"": ""SUPPORTED""}]"
19,"Claim: Brown the claim fox fox quick claim model brown.
Context: Brown dog verify the over quick the brown ai claim dog lazy data dog over jumps ai claim quick fox ai lazy lazy claim.",NOT_SUPPORTED,{},"[{""input"": ""Claim: The quick brown fox jumps over the lazy dog. Context: The text states a quick brown fox jumps over a lazy dog."", ""label"": ""SUPPORTED""}, {""input"": ""Claim: The lazy dog jumps over the quick brown fox. Context: The text says the fox jumps over the dog, not vice versa."", ""label"": ""NOT_SUPPORTED""}, {""input"": ""Claim: There is no mention of any cat. Context: The description mentions only a fox and a dog."", ""label"": ""SUPPORTED""}]"
95,"Claim: Lazy fox dog lazy lazy the evidence data jumps evidence.
Context: Over over claim ai verify claim lazy lazy evidence over brown over evidence jumps ai fox dog jumps jumps quick dog data quick claim data over verify ai quick the claim brown.",SUPPORTED,{},"[{""input"": ""Claim: The quick brown fox jumps over the lazy dog. Context: The report states the quick brown fox jumps over the lazy dog."", ""label"": ""SUPPORTED""}, {""input"": ""Claim: The fox runs faster than the dog. Context: The text mentions a lazy dog sleeping but says nothing about speed."", ""label"": ""NOT_SUPPORTED""}, {""input"": ""Claim: Evidence shows the dog jumps twice. Context: Logs show the dog jumps jumps while the fox rests."", ""label"": ""SUPPORTED""}]"
84,"Claim: Data evidence jumps lazy evidence the lazy verify lazy.
Context: Jumps verify fox verify claim dog jumps model the data evidence lazy the evidence claim dog brown data evidence fox quick data quick quick brown claim dog quick brown ai over brown.",NOT_SUPPORTED,{},"[{""input"": ""Claim: The quick brown fox jumps over the lazy dog. Context: Data says the quick brown fox jumps over the lazy dog."", ""label"": ""SUPPORTED""}, {""input"": ""Claim: Evidence proves the dog is quick and brown. Context: The context states the dog is lazy and slow while the fox is quick and brown."", ""label"": ""NOT_SUPPORTED""}, {""input"": ""Claim: The model verifies the claim about brown data. Context: The model verifies the claim and the data is brown."", ""label"": ""SUPPORTED""}]"
78,"Claim: Lazy fox fox over data data quick over dog claim.
Context: Ai jumps the model the ai the data over quick brown the ai the the over lazy jumps the claim model model over.",SUPPORTED,{},"[{""input"": ""Claim: The quick brown fox jumps over the lazy dog. Context: The quick brown fox jumps over the lazy dog."", ""label"": ""SUPPORTED""}, {""input"": ""Claim: The model increases accuracy with more data. Context: The model's accuracy drops when given more data."", ""label"": ""NOT_SUPPORTED""}, {""input"": ""Claim: A lazy dog sleeps. Context: A lazy dog sleeps under a tree while the fox runs."", ""label"": ""SUPPORTED""}]"
51,"Claim: Quick quick fox brown over evidence dog evidence model dog.
Context: Claim data lazy evidence evidence dog fox jumps model model lazy the quick the data over jumps ai over dog jumps.",SUPPORTED,{},"[{""input"": ""Claim: Quick fox jumps over lazy dog. Context: Data evidence shows the quick fox jumps over the lazy dog."", ""label"": ""SUPPORTED""}, {""input"": ""Claim: Brown model proves the fox did not jump. Context: Evidence in the model says the fox jumps over the dog."", ""label"": ""NOT_SUPPORTED""}, {""input"": ""Claim: Ai model cites evidence of dog jumps. Context: The model evidence shows dog jumps in the ai data."", ""label"": ""SUPPORTED""}]"
41,"Claim: Fox dog evidence quick the evidence the data.
Context: Verify ai dog verify lazy quick claim lazy jumps evidence ai quick evidence claim model data ai evidence the dog dog verify evidence the jumps claim lazy verify verify evidence claim the over.",NOT_SUPPORTED,{},"[{""input"": ""Claim: The quick evidence shows the lazy dog was verified. Context: The context notes quick evidence verified the lazy dog claim."", ""label"": ""SUPPORTED""}, {""input"": ""Claim: There is no evidence the fox jumps. Context: The context reports evidence that the fox jumps over the dog."", ""label"": ""NOT_SUPPORTED""}, {""input"": ""Claim: Model data supports the AI's claim. Context: The context says model data supports the AI claim with evidence."", ""label"": ""SUPPORTED""}]"
79,"Claim: Fox data model dog brown ai fox over.
Context: Verify data brown model over model brown dog evidence verify claim brown ai brown verify verify dog the model the ai claim quick.",NOT_SUPPORTED,{},"[{""input"": ""Claim: Dog model brown ai over. Context: Text verifies the dog model is brown and over with ai."", ""label"": ""SUPPORTED""}, {""input"": ""Claim: Fox quick ai model brown. Context: Mentions dog slow ai and white model; no fox quick brown."", ""label"": ""NOT_SUPPORTED""}, {""input"": ""Claim: Data verify brown dog model over. Context: Evidence confirms data verify the brown dog model over by ai."", ""label"": ""SUPPORTED""}]"
59,"Claim: Brown brown ai brown evidence claim claim data brown over quick claim.
Context: The dog fox jumps lazy data over verify jumps model over the claim the over the dog the evidence verify brown lazy the ai lazy.",SUPPORTED,{},"[{""input"": ""Claim: The quick brown fox jumps over the lazy dog. Context: A brown fox quickly jumps over a lazy dog."", ""label"": ""SUPPORTED""}, {""input"": ""Claim: The AI found no errors in the data. Context: The report lists multiple unresolved errors and missing checks."", ""label"": ""NOT_SUPPORTED""}, {""input"": ""Claim: Evidence shows the model verified the claim. Context: The model verified the claim using the provided evidence."", ""label"": ""SUPPORTED""}]"
52,"Claim: Brown evidence quick over claim evidence lazy verify brown verify brown model jumps.
Context: Fox ai quick dog fox over model ai claim data jumps ai ai verify jumps evidence the brown claim claim quick verify claim evidence evidence evidence over verify over claim dog evidence fox brown over dog fox dog.",NOT_SUPPORTED,{},"[{""input"": ""Claim: The quick brown fox jumps over the lazy dog. Context: The record states the quick brown fox jumps over the lazy dog."", ""label"": ""SUPPORTED""}, {""input"": ""Claim: The model never verified any jump by the fox. Context: Logs show the fox's jump was verified by the model."", ""label"": ""NOT_SUPPORTED""}, {""input"": ""Claim: Evidence shows the AI model is fast. Context: Evidence in the summary says the AI model is fast."", ""label"": ""SUPPORTED""}]"
94,"Claim: Jumps evidence claim claim quick over model claim dog the model.
Context: Lazy brown over verify jumps fox ai jumps ai the dog over brown the data fox evidence jumps jumps dog lazy over the jumps evidence claim data dog data quick over ai the brown verify model the evidence.",SUPPORTED,{},"[{""input"": ""Claim: The quick brown fox jumps over the lazy dog. Context: The article states that the quick brown fox jumps over the lazy dog."", ""label"": ""SUPPORTED""}, {""input"": ""Claim: The model accurately predicts all outcomes. Context: The report notes the model fails to predict several key outcomes."", ""label"": ""NOT_SUPPORTED""}, {""input"": ""Claim: Evidence shows the data were verified by an independent reviewer. Context: The paper confirms an independent reviewer verified the data."", ""label"": ""SUPPORTED""}]"
5,"Claim: Fox jumps model lazy evidence dog ai brown verify dog jumps.
Context: Evidence evidence verify quick dog lazy dog jumps quick verify brown jumps evidence data quick over claim quick evidence claim fox evidence quick.",NOT_SUPPORTED,{},"[{""input"": ""Claim: Quick brown fox jumps over the lazy dog. Context: Text states the quick brown fox jumps over the lazy dog."", ""label"": ""SUPPORTED""}, {""input"": ""Claim: The fox never jumps over the dog. Context: The context says the quick brown fox jumps over the lazy dog."", ""label"": ""NOT_SUPPORTED""}, {""input"": ""Claim: Brown fox jumps over a lazy dog quickly. Context: Evidence confirms a quick brown fox jumps over the lazy dog."", ""label"": ""SUPPORTED""}]"
21,"Claim: Over brown evidence the fox dog over ai fox the model jumps.
Context: Quick over jumps ai the model jumps the data jumps data dog lazy the evidence evidence jumps jumps data the model verify the verify evidence dog model data dog dog.",SUPPORTED,{},"[{""input"": ""Claim: The model jumps over the data dog. Context: In quick evidence, the model jumps over the data dog."", ""label"": ""SUPPORTED""}, {""input"": ""Claim: The lazy dog outruns the model. Context: Quick data shows the model jumps while the dog is slow."", ""label"": ""NOT_SUPPORTED""}, {""input"": ""Claim: Evidence verifies the fox and the model jump together. Context: The evidence verify the model jumps with the fox in the data."", ""label"": ""SUPPORTED""}]"
75,"Claim: Jumps model verify the dog model dog dog model lazy quick brown the.
Context: Dog ai data the over dog verify evidence brown quick data over quick evidence jumps model jumps evidence the evidence model dog lazy evidence claim brown lazy fox data dog jumps ai evidence data jumps over fox.",NOT_SUPPORTED,{},"[{""input"": ""Claim: The fox jumps over the dog. Context: The quick brown fox jumps over the lazy dog."", ""label"": ""SUPPORTED""}, {""input"": ""Claim: The dog verifies the model quickly. Context: The model slowly verifies the dog."", ""label"": ""NOT_SUPPORTED""}, {""input"": ""Claim: Evidence shows the model validates the fox data. Context: Evidence confirms the model validates the fox data."", ""label"": ""SUPPORTED""}]"
29,"Claim: Evidence fox brown data ai verify claim.
Context: The dog brown over quick dog ai data lazy evidence fox dog data lazy verify dog evidence fox claim quick lazy brown over claim brown lazy claim over jumps verify data.",NOT_SUPPORTED,{},"[{""input"": ""Claim: Quick brown fox jumps over lazy dog. Context: The quick brown fox jumps over the lazy dog."", ""label"": ""SUPPORTED""}, {""input"": ""Claim: AI data prove the lazy dog jumps over the quick fox. Context: It mentions only the fox jumping and gives no evidence of the dog jumping over the fox."", ""label"": ""NOT_SUPPORTED""}, {""input"": ""Claim: Evidence says AI data verify the fox claim. Context: The context states AI data and evidence verify the fox claim."", ""label"": ""SUPPORTED""}]"
24,"Claim: Jumps ai over quick over dog model verify evidence quick.
Context: Dog quick quick quick brown evidence quick brown over model data the claim brown claim the fox data over dog quick evidence fox jumps verify data data verify fox evidence claim evidence brown jumps the lazy evidence jumps.",SUPPORTED,{},"[{""input"": ""Claim: The Moon orbits Earth. Context: The text states the Moon revolves around Earth once every 27 days."", ""label"": ""SUPPORTED""}, {""input"": ""Claim: Tomatoes are root vegetables. Context: The text explains tomatoes are fruits that grow on vines."", ""label"": ""NOT_SUPPORTED""}, {""input"": ""Claim: Marie Curie won two Nobel Prizes. Context: The passage notes she received Nobel Prizes in Physics (1903) and Chemistry (1911)."", ""label"": ""SUPPORTED""}]"
69,"Claim: Evidence evidence the over data claim dog verify dog model verify ai.
Context: Lazy verify claim data evidence claim lazy data the fox model brown the data over quick jumps lazy claim the evidence.",NOT_SUPPORTED,{},"[{""input"": ""Claim: The quick brown fox jumps over the lazy dog. Context: The quick brown fox jumps over the lazy dog near the river."", ""label"": ""SUPPORTED""}, {""input"": ""Claim: The data model verifies every AI claim. Context: The text only mentions a fox jumping over a dog, with no models or AI discussed."", ""label"": ""NOT_SUPPORTED""}, {""input"": ""Claim: Evidence supports the claim about lazy data. Context: Evidence explicitly supports the claim about lazy data in the report."", ""label"": ""SUPPORTED""}]"
96,"Claim: Quick brown over quick brown model claim fox claim.
Context: Verify quick the evidence the evidence claim over verify model quick brown model data verify dog data verify over claim data quick.",SUPPORTED,{},"[{""input"": ""Claim: The quick brown model verifies the fox claim. Context: Evidence states the quick brown model verifies the fox claim."", ""label"": ""SUPPORTED""}, {""input"": ""Claim: The model confirms the dog jumps high. Context: The context mentions only a fox claim and quick brown data, not dog jumping."", ""label"": ""NOT_SUPPORTED""}, {""input"": ""Claim: Dog data is verified by the model. Context: The quick brown model verifies dog data according to the evidence."", ""label"": ""SUPPORTED""}]"
62,"Claim: Claim fox brown the brown data.
Context: Verify claim fox brown lazy over the model dog dog verify over fox data verify verify model lazy dog fox dog.",NOT_SUPPORTED,{},"[{""input"": ""Claim: The brown fox is mentioned in the data. Context: The context lists a brown fox in the data."", ""label"": ""SUPPORTED""}, {""input"": ""Claim: The model says there is no dog. Context: The context states a lazy dog is present."", ""label"": ""NOT_SUPPORTED""}, {""input"": ""Claim: Fox data is verified by the model. Context: The model verifies the fox data."", ""label"": ""SUPPORTED""}]"
38,"Claim: Claim claim evidence lazy ai lazy over claim.
Context: Lazy model jumps over claim over data quick data data data claim data over ai ai ai lazy fox verify lazy dog claim dog jumps verify.",NOT_SUPPORTED,{},"[{""input"": ""Claim: The lazy model verifies the claim. Context: The lazy model verifies the claim with quick data."", ""label"": ""SUPPORTED""}, {""input"": ""Claim: The fox jumps over the dog. Context: The dog jumps over the fox."", ""label"": ""NOT_SUPPORTED""}, {""input"": ""Claim: AI is quick. Context: Quick AI handles data fast."", ""label"": ""SUPPORTED""}]"
63,"Claim: Dog quick evidence jumps data claim ai over over brown jumps over claim verify.
Context: Claim ai dog data quick data verify over claim ai jumps quick claim over lazy data the ai brown quick fox dog verify quick quick ai evidence jumps brown verify over jumps dog lazy ai.",SUPPORTED,{},"[{""input"": ""Claim: The quick brown fox jumps over the lazy dog. Context: The text says a quick brown fox jumps over a lazy dog."", ""label"": ""SUPPORTED""}, {""input"": ""Claim: The dog never jumps over anything. Context: It states that the fox jumps over the dog."", ""label"": ""NOT_SUPPORTED""}, {""input"": ""Claim: AI uses evidence to verify data. Context: The passage notes that AI verifies data using evidence."", ""label"": ""SUPPORTED""}]"
47,"Claim: Jumps quick evidence fox evidence verify quick brown ai jumps the fox fox fox.
Context: Claim model dog dog quick ai claim the over claim data quick fox dog quick dog quick dog fox quick ai model fox model dog jumps model the model lazy verify quick evidence dog claim data fox model.",NOT_SUPPORTED,{},"[{""input"": ""Claim: The quick brown fox jumps over the lazy dog. Context: The context states the quick brown fox jumps over the lazy dog."", ""label"": ""SUPPORTED""}, {""input"": ""Claim: The fox runs under the lazy dog. Context: The text only says the fox jumps over the lazy dog."", ""label"": ""NOT_SUPPORTED""}, {""input"": ""Claim: AI model verifies quick fox evidence. Context: The ai model verify quick fox evidence in the data."", ""label"": ""SUPPORTED""}]"
61,"Claim: Data quick evidence quick evidence lazy jumps model quick.
Context: Fox jumps brown evidence data jumps over evidence dog data model ai ai model jumps claim brown over lazy over data brown model evidence verify the evidence.",NOT_SUPPORTED,{},"[{""input"": ""Claim: The quick brown fox jumps over the lazy dog. Context: Reports note the quick brown fox jumps over the lazy dog behind the barn."", ""label"": ""SUPPORTED""}, {""input"": ""Claim: The dataset contains 1,000 entries. Context: The paper states the dataset contains 800 entries with missing values."", ""label"": ""NOT_SUPPORTED""}, {""input"": ""Claim: The AI model reduces error by 20%. Context: Experiments show the AI model cut error by 20% compared to baseline."", ""label"": ""SUPPORTED""}]"
45,"Claim: Verify ai dog brown dog lazy the data.
Context: Over fox jumps fox fox brown jumps model claim evidence claim quick data fox over dog dog model data the verify evidence.",SUPPORTED,{},"[{""input"": ""Claim: The quick brown fox jumps over the lazy dog. Context: The text states the quick brown fox jumps over the lazy dog."", ""label"": ""SUPPORTED""}, {""input"": ""Claim: The data says the lazy dog leaps over the fox. Context: The passage says the brown fox jumps over the lazy dog."", ""label"": ""NOT_SUPPORTED""}, {""input"": ""Claim: Evidence shows the model verified the fox's jump over the dog. Context: The report confirms the model verified the brown fox jumping over the dog."", ""label"": ""SUPPORTED""}]"
57,"Claim: Claim fox quick dog evidence model over evidence.
Context: Lazy fox fox quick claim ai over dog jumps ai quick dog the the lazy claim lazy lazy verify quick over over jumps verify quick lazy verify data jumps fox.",SUPPORTED,{},"[{""input"": ""Claim: The quick fox jumps over the lazy dog. Context: The quick fox jumps over the lazy dog in the test sentence."", ""label"": ""SUPPORTED""}, {""input"": ""Claim: The lazy dog outruns the quick fox. Context: Reports state the quick fox outruns the lazy dog and finishes first."", ""label"": ""NOT_SUPPORTED""}, {""input"": ""Claim: AI verifies the quick claim with data. Context: The AI system verifies the quick claim using data evidence."", ""label"": ""SUPPORTED""}]"
40,"Claim: Evidence model claim data lazy ai.
Context: Verify fox verify brown dog over evidence verify fox brown dog evidence fox over brown jumps quick the fox model dog dog fox data model dog fox claim brown dog ai data quick claim model verify.",NOT_SUPPORTED,{},"[{""input"": ""Claim: Evidence shows the quick fox jumps over the lazy dog. Context: Evidence and logs verify the quick fox jumps over the lazy dog."", ""label"": ""SUPPORTED""}, {""input"": ""Claim: The model claims the fox never jumps over any dog. Context: Reports and evidence state the fox quickly jumps over the brown dog."", ""label"": ""NOT_SUPPORTED""}, {""input"": ""Claim: Data confirms the brown dog is asleep by the gate. Context: Sensors and notes verify the brown dog is asleep by the gate."", ""label"": ""SUPPORTED""}]"
93,"Claim: Data brown dog quick claim the brown.
Context: Dog lazy dog brown claim the model evidence verify over dog model model brown dog the dog data model over over quick over quick brown brown model jumps data lazy brown quick.",SUPPORTED,{},"[{""input"": ""Claim: The quick brown dog jumps over the lazy dog. Context: The text says a quick brown dog jumps over a lazy dog."", ""label"": ""SUPPORTED""}, {""input"": ""Claim: The data states no dogs are brown. Context: The context mentions brown dog and brown data multiple times."", ""label"": ""NOT_SUPPORTED""}, {""input"": ""Claim: The model processes dog data. Context: It describes a model handling dog data to verify claims."", ""label"": ""SUPPORTED""}]"
33,"Claim: Jumps brown jumps over lazy the dog over jumps data the model quick over.
Context: Ai evidence lazy fox brown quick ai quick brown evidence brown data dog lazy jumps over dog evidence model fox verify.",NOT_SUPPORTED,{},"[{""input"": ""Claim: The study confirms that coffee increases alertness. Context: The text reports the study found coffee consumption improved alertness."", ""label"": ""SUPPORTED""}, {""input"": ""Claim: The Eiffel Tower is in Berlin. Context: The passage states the Eiffel Tower stands in Paris, France."", ""label"": ""NOT_SUPPORTED""}, {""input"": ""Claim: Water boils at 100 C at sea level. Context: The article notes that at standard atmospheric pressure, water's boiling point is 100 C."", ""label"": ""SUPPORTED""}]"
72,"Claim: Ai brown lazy model evidence quick fox quick quick evidence model data lazy verify.
Context: Brown evidence over ai over lazy brown lazy quick verify evidence verify claim jumps model model quick over fox dog verify the fox ai brown data jumps the.",NOT_SUPPORTED,{},"[{""input"": ""Claim: The quick brown fox jumps over the lazy dog. Context: The record shows the quick brown fox jumps over the lazy dog, verified by the model."", ""label"": ""SUPPORTED""}, {""input"": ""Claim: No fox jumps over any dog in the dataset. Context: Evidence states the brown fox jumps over the lazy dog twice."", ""label"": ""NOT_SUPPORTED""}, {""input"": ""Claim: The AI model confirms the fox is quick and the dog is lazy. Context: The AI reports the fox is quick and the dog is lazy based on brown data."", ""label"": ""SUPPORTED""}]"
